city,page_wiki,page_google,page_google_first_link
BAJWA,,,
Mokokchung,26.32°n 94.50°e,,26.33 94.53
Palakkad,10.7700°n 76.6500°e,"['the latitude of palakkad', "" is 76.653145. palakkad, kerala, india is located at india country in the cities place category with the gps coordinates of 10° 47' 4.9308'' n and 76° 39' 11.3220'' e."", "" of palakkad, kerala, india is 10.784703, and the longitude is 76.653145. palakkad, kerala, india is located at india country in the cities place category with the gps coordinates of 10° 47' 4.9308'' n and 76° 39' 11.3220'' e."", None, None]",10.7744 76.65625
Adilabad,19.67000°n 78.53000°e,,19.67 78.53
Koppal,15.35°n 76.15°e,"['the latitude of koppal', ' 76.155434', ' 15.350708', ""15° 21' 2.5488'' n"", ""76° 9' 19.5624'' e""]",15.35 76.15
Gopal Ganj,,"['the latitude of haziapur', ' 84.444649', ' 26.467884', ""26° 28' 4.3824'' n"", ""84° 26' 40.7364'' e""]",26.47 84.43
Ambur,12.78°n 78.7°e,"['the latitude of ambur', ' 78.716606', ' 12.790361', ""12° 47' 25.2996'' n"", ""78° 42' 59.7816'' e""]",12.79163 78.71644
Chitrakoot,,,25.17882 80.86545
Churachandpur,24.333°n 93.683°e,,24.33333 93.68333
Bhiwani,28.78°n 76.13°e,"['the latitude of bhiwani', ' 76.133514', ' of bhiwani, haryana, india is 28.799046, and the longitude is 76.133514.', ""28° 47' 56.5656'' n"", ""76° 8' 0.6504'' e""]",28.7833 76.1333
Firozabad,27.15°n 78.42°e,,27.1499994 78.3999984
Bhind,26.5587°n 78.7871°e,"['the latitude of bhind', ' 78.787285', ' of bhind, madhya pradesh, india is 26.558735, and the longitude is 78.787285.', ""26° 33' 31.4460'' n"", ""78° 47' 14.2260'' e""]",26.56671 78.78728
Pathankot,32.266814°n 75.6°e,"['the latitude of pathankot', "" is 75.646873. pathankot, punjab, india is located at india country in the cities place category with the gps coordinates of 32° 15' 57.3912'' n and 75° 38' 48.7428'' e."", "" of pathankot, punjab, india is 32.265942, and the longitude is 75.646873. pathankot, punjab, india is located at india country in the cities place category with the gps coordinates of 32° 15' 57.3912'' n and 75° 38' 48.7428'' e."", None, None]",32.27484 75.65287
Moradabad,28.83°n 78.78°e,"['moradabad', ' 78.795319', None, ""28° 50' 27.8304'' n"", ""78° 47' 43.1484'' e""]",29.07 78.63
Belgaum,15.850°n 74.500°e,"['the latitude of belgaum', "" is 74.498703. belgaum, karnataka, india is located at india country in the cities place category with the gps coordinates of 15° 51' 10.0512'' n and 74° 29' 55.3308'' e."", "" of belgaum, karnataka, india is 15.852792, and the longitude is 74.498703. belgaum, karnataka, india is located at india country in the cities place category with the gps coordinates of 15° 51' 10.0512'' n and 74° 29' 55.3308'' e."", None, None]",15.87 74.5
Asansol,23.68°n 86.99°e,"['the latitude of asansol', ' 86.952393', ' of asansol, west bengal, india is 23.673944, and the longitude is 86.952393.', ""23° 40' 26.1984'' n"", ""86° 57' 8.6148'' e""]",23.68333 86.98333
Rangareddy,17.3°n 78.1°e,"['ranga reddy district is located to the west of hyderabad city and includes over 1', ' 77.834694', None, ""17° 23' 26.3544'' n"", ""77° 50' 4.8984'' e""]",17.478725 78.446792
Pilibhit,28.6497°n 79.8724°e,"['the latitude of pilibhit', "" is 79.804176. pilibhit, uttar pradesh, india is located at india country in the cities place category with the gps coordinates of 28° 37' 40.5336'' n and 79° 48' 15.0336'' e."", "" of pilibhit, uttar pradesh, india is 28.627926, and the longitude is 79.804176. pilibhit, uttar pradesh, india is located at india country in the cities place category with the gps coordinates of 28° 37' 40.5336'' n and 79° 48' 15.0336'' e."", None, None]",28.5499978 80.0999996
Kasaragod,12.5°n 75.0°e,"['the latitude of kasaragod', ' 74.988213', ' 12.507643', ""12° 30' 27.5148'' n"", ""74° 59' 17.5668'' e""]",12.5 75.0
Giridih,24.18°n 86.3°e,,24.18 86.3
Sagar,,"['the latitude of sagar', ' 78.746567', ' 23.834030', ""23° 50' 2.5080'' n"", ""78° 44' 47.6412'' e""]",23.83 78.71
Udaipur,24.58°n 73.68°e,"['the latitude of udaipur', ' 73.691544', ' of udaipur, rajasthan, india is 24.571270, and the longitude is 73.691544.', ""24° 34' 16.5720'' n"", ""73° 41' 29.5584'' e""]",24.57117 73.69183
KALOL,,,22.606 73.463
Sibsagar,26.98°n 94.63°e,"['the latitude of sivasagar', ' 94.629997', ' 26.980000', ""26° 58' 48.0000'' n"", ""94° 37' 47.9892'' e""]",26.98427 94.63784
Kailashahar,24.33°n 92.02°e,,24.304832114 92.004333316
Karad,17.285°n 74.184°e,"['the latitude of karad', ' 74.181427', ' 17.286501', ""17° 17' 11.4036'' n"", ""74° 10' 53.1372'' e""]",17.28 74.2
Saharsa,25.88°n 86.6°e,"['coordinates of saharsa', ' 86.600624', None, ""25° 53' 0.5820'' n"", ""86° 36' 2.2464'' e""]",25.87498 86.59611
Bhopal,23.250°n 77.417°e,"['the latitude of bhopal', ' 77.412613', ' 23.259933', ""23° 15' 35.7588'' n"", ""77° 24' 45.4068'' e""]",23.25469 77.40289
Dhule,20.89972°n 74.76972°e,"['the latitude of dhule', ' 74.774986', ' of dhule, maharashtra, india is 20.903118, and the longitude is 74.774986.', ""20° 54' 11.2248'' n"", ""74° 46' 29.9496'' e""]",20.9 74.78
Pondicherry,11.917°n 79.817°e,"['the latitude of panithittu', "" is 79.802895. panithittu, puducherry, india is located at india country in the villages place category with the gps coordinates of 11° 49' 42.7116'' n and 79° 48' 10.4220'' e."", "" of panithittu, puducherry, india is 11.828531, and the longitude is 79.802895. panithittu, puducherry, india is located at india country in the villages place category with the gps coordinates of 11° 49' 42.7116'' n and 79° 48' 10.4220'' e."", None, None]",11.93381 79.82979
Malegaon,20.55°n 74.55°e,"['the latitude of malegaon', ' 74.525070', ' 20.560797', ""20° 33' 38.8692'' n"", ""74° 31' 30.2520'' e""]",18.42 77.53
Barmer,,"['barmer', ' 71.418060', None, ""25° 45' 11.3580'' n"", ""71° 25' 5.0160'' e""]",25.75 71.38
Bhojpur,,,25.30886 84.44504
Hisar,,"['hisar', ' 75.721123', None, ""29° 9' 6.6996'' n"", ""75° 43' 16.0428'' e""]",29.15394 75.72294
Hyderabad,17.37°n 78.48°e,"['hyderabad', ' 78.491684', ' 17.387140', ""17° 23' 13.7040'' n"", ""78° 29' 30.0624'' e""]",17.38405 78.45636
Yamuna Nagar,30.133°n 77.288°e,,30.23644 77.30498
Ambikapur,,"['the latitude of ambikapur', ' 83.196121', ' 23.116444', ""23° 6' 59.1984'' n"", ""83° 11' 46.0356'' e""]",23.1999992 83.0333332
Roorkee,29.8748583°n 77.8899278°e,"['the latitude of roorkee', ' 77.888000', ' 29.854263', ""29° 51' 15.3468'' n"", ""77° 53' 16.8000'' e""]",29.87 77.88
Nayagarh,20.127°n 85.107°e,"['the latitude of nayagarh', ' 85.105057', ' 20.127028', ""20° 7' 37.3008'' n"", ""85° 6' 18.2052'' e""]",20.13 85.1
Kamrup Metropolitian,,,26.0999996 91.8666632
Gumla,23°n 84.50°e,,23.04156 84.54397
Dehradun,30.318°n 78.029°e,"['dehradun is alarge city and the capital of the state uttarakhand', ' 78.026619', None, ""30° 19' 18.8940'' n"", ""78° 1' 35.8284'' e""]",30.33 78.06
Nandurbar,21.37°n 74.25°e,,21.37 74.25
Panchkula,30.74°n 76.80°e,"['the latitude of panchkula', ' 76.854172', ' 30.695202', ""30° 41' 42.7272'' n"", ""76° 51' 15.0192'' e""]",30.556995 76.939852
ADIPUR,,,
Bandipore,34.4167°n 74.6500°e,"['the latitude of bandipur national park', ' 76.629189', ' of bandipur national park, karnataka, india is 11.666400, and the longitude is 76.629189.', ""11° 39' 59.0400'' n"", ""76° 37' 45.0804'' e""]",34.4167 74.65
Sidhi,24.42°n 81.88°e,,24.42 81.88
DHANDHUKA,,,22.38185 71.98664
Vidisha,23.53°n 77.82°e,"['the latitude of vidisha', ' 77.820000', ' 23.530001', ""23° 31' 48.0036'' n"", ""77° 49' 12.0000'' e""]",23.53 77.82
Muzaffarpur,26.12250°n 85.39056°e,"['the latitude of muzaffarpur', ' 85.368752', ' 26.121473', ""26° 7' 17.3028'' n"", ""85° 22' 7.5072'' e""]",26.12 85.4
Amritsar,31.64°n 74.86°e,"['the latitude of amritsar', ' 74.872261', ' 31.633980', ""31° 38' 2.3280'' n"", ""74° 52' 20.1396'' e""]",31.62234 74.87534
Chinnamiram,,,
Indore,22.71667°n 75.84722°e,"['the latitude of indore', ' 75.857727', ' 22.719568', ""22° 43' 10.4448'' n"", ""75° 51' 27.8172'' e""]",22.71792 75.8333
Kolhapur,16.69167°n 74.23333°e,,16.41 74.13
Rampur,,"['the latitude of panwaria', "" is 79.056107. panwaria, rampur, uttar pradesh, india is located at india country in the towns place category with the gps coordinates of 28° 45' 39.3048'' n and 79° 3' 21.9852'' e."", "" of panwaria, rampur, uttar pradesh, india is 28.760918, and the longitude is 79.056107. panwaria, rampur, uttar pradesh, india is located at india country in the towns place category with the gps coordinates of 28° 45' 39.3048'' n and 79° 3' 21.9852'' e."", None, None]",28.8 79.0
Jaintia Hills,,,25.5 92.25
Latur,18.40°n 76.56°e,"['the latitude of latur', ' 76.576767', ' 18.407957', ""18° 24' 28.6452'' n"", ""76° 34' 36.3612'' e""]",18.39721 76.56784
Garhwa,24.18°n 83.82°e,,24.18 83.82
Ajmer,26.4499°n 74.6399°e,,26.4521 74.63867
Patan,,"['the latitude of patan', ' 72.126625', ' 23.849325', ""23° 50' 57.5700'' n"", ""72° 7' 35.8500'' e""]",23.8507 72.12963
Jamnagar,22.47°n 70.07°e,"['the latitude of jamnagar', "" is 70.057732. jamnagar, gujarat, india is located at india country in the cities place category with the gps coordinates of 22° 28' 14.5236'' n and 70° 3' 27.8352'' e."", "" of jamnagar, gujarat, india is 22.470701, and the longitude is 70.057732. jamnagar, gujarat, india is located at india country in the cities place category with the gps coordinates of 22° 28' 14.5236'' n and 70° 3' 27.8352'' e."", None, None]",22.47 70.07
Alleppey,9.49°n 76.33°e,"['coordinates of alappuzha', ' 76.338844', None, ""9° 29' 53.0412'' n"", ""76° 20' 19.8384'' e""]",9.49004 76.3264
CHOTILA,,,22.42347 71.19641
Lakhimpur,,,27.23517 94.10357
Tanuku,16.75°n 81.7°e,"['the latitude of tanuku', ' 81.679962', ' 16.757174', ""16° 45' 25.8264'' n"", ""81° 40' 47.8632'' e""]",16.75 81.7
Kodad,16.99778°n 79.96528°e,,
Ankleshwar,,"['coordinates of piraman', ' 72.997627', None, ""21° 37' 2.4780'' n"", ""72° 59' 51.4572'' e""]",21.63236 72.99001
Vellore,12.920219°n 79.133306°e,"['vellore', ' 79.146881', None, ""12° 56' 5.8848'' n"", ""79° 8' 48.7716'' e""]",12.93 79.13
MANDVI,,"['coordinates of mandvi', ' 69.355476', ' 22.833334', ""22° 50' 0.0024'' n"", ""69° 21' 19.7136'' e""]",22.81 69.36
Gandhinagar,23.223°n 72.650°e,"['the latitude of gandhinagar', "" is 72.647781. gandhinagar, gujarat, india is located at india country in the cities place category with the gps coordinates of 23° 14' 15.2160'' n and 72° 38' 52.0116'' e."", "" of gandhinagar, gujarat, india is 23.237560, and the longitude is 72.647781. gandhinagar, gujarat, india is located at india country in the cities place category with the gps coordinates of 23° 14' 15.2160'' n and 72° 38' 52.0116'' e."", None, None]",19.958162834 73.804496782
Cachar,25.083°n 92.917°e,,25.083333 92.916663
Lakshadweep,10.6°n 72.6°e,,13.6999972 72.1833326
Tonk,,"['the latitude of tonk', ' 75.780945', ' of tonk, jaipur, rajasthan, india is 26.229376, and the longitude is 75.780945.', ""26° 13' 45.7536'' n"", ""75° 46' 51.4020'' e""]",26.17 75.78
Bikaner,28.01667°n 73.31194°e,"['rani bazar', ' 73.317078', None, ""28° 0' 26.0460'' n"", ""73° 19' 1.4808'' e""]",28.01762 73.31495
Beawar,26.1°n 74.32°e,"['the latitude of beawar', ' 74.319077', ' 26.100735', ""26° 6' 2.6460'' n"", ""74° 19' 8.6772'' e""]",26.10119 74.32028
Margoa,15.27361°n 73.95806°e,,15.3 73.95
Thoothukudi,8.81°n 78.14°e,"['tuticorin', ' 78.134834', None, ""8° 45' 50.9976'' n"", ""78° 8' 5.4024'' e""]",8.721163782 78.022166578
Rewari,28.18°n 76.62°e,"['the latitude of rewari', ' 76.616669', ' 28.183332', ""28° 10' 59.9952'' n"", ""76° 37' 0.0084'' e""]",28.18 76.62
Kapurthala,31.38°n 75.38°e,"['the latitude of kapurthala', ' 75.379997', ' 31.379999', ""31° 22' 47.9964'' n"", ""75° 22' 47.9892'' e""]",31.38011 75.38105
Anjaw,,,28.06549 96.82878
Deoria,,,26.50167 83.77936
Hanumangarh,29.58°n 74.32°e,"['hanumangarh town', ' 74.332977', None, ""29° 34' 29.2800'' n"", ""74° 19' 58.7172'' e""]",29.58 74.32
Keonjhar,21.63°n 85.58°e,"['the latitude of keonjhar', ' 85.581688', ' of keonjhar, odisha, india is 21.628933, and the longitude is 85.581688.', ""21° 37' 44.1588'' n"", ""85° 34' 54.0768'' e""]",21.5 85.5
Banka,,"['the latitude of banka', ' 86.920731', ' of banka, bihar, india is 24.885483, and the longitude is 86.920731.', ""24° 53' 7.7388'' n"", ""86° 55' 14.6316'' e""]",24.88 86.92
Sitamarhi,26.6°n 85.48°e,"['the latitude of sitamarhi', ' 85.501183', ' 26.587299', ""26° 35' 14.2764'' n"", ""85° 30' 4.2588'' e""]",26.6 85.48
Hingoli,19.72°n 77.15°e,,19.72 77.15
Nagpur,21.150°n 79.083°e,"['the latitude of nagpur', "" is 79.088860. nagpur, india is located at india country in the cities place category with the gps coordinates of 21° 8' 47.8788'' n and 79° 5' 19.8960'' e. nagpur, india elevation is 311 meters height, that is equal to 1,020 feet."", "" of nagpur, india is 21.146633, and the longitude is 79.088860. nagpur, india is located at india country in the cities place category with the gps coordinates of 21° 8' 47.8788'' n and 79° 5' 19.8960'' e. nagpur, india elevation is 311 meters height, that is equal to 1,020 feet."", None, None]",21.14631 79.08491
Satna,24.6005°n 80.8322°e,"['the latitude of satna', ' 80.832176', ' 24.579716', ""24° 34' 46.9776'' n"", ""80° 49' 55.8336'' e""]",24.34 80.55
Narmada,22.66667°n 81.75000°e,"['sadar', ' 79.947327', ' 23.152790', ""23° 9' 10.0440'' n"", ""79° 56' 50.3772'' e""]",22.08 74.9
Palamu,24.03000°n 84.07000°e,,24.03971 84.0658
Farrukhabad,27.37°n 79.63°e,,27.3999984 79.5666644
Baleswar,,"['the latitude of balasore', ' 86.942657', ' 21.494978', ""21° 29' 41.9208'' n"", ""86° 56' 33.5652'' e""]",21.49266 86.93348
Ganjam,19.38°n 85.07°e,"['the latitude of ganjam', ' 85.051544', ' 19.387388', ""19° 23' 14.5968'' n"", ""85° 3' 5.5584'' e""]",19.38 85.07
Karur,10.95°n 78.08°e,,10.95 78.08
BHACHAU,,,23.28 70.35
Anuppur,23.1°n 81.68°e,,23.1 81.68
Erode,11.34083°n 77.71722°e,"['coordinates of erode', ' 77.728165', ' 11.342423', ""11° 20' 32.7228'' n"", ""77° 43' 41.3940'' e""]",11.3428 77.72741
Secunderabad,17.45°n 78.5°e,"['the latitude of secunderabad', ' 78.498276', ' 17.439930', ""17° 26' 23.7480'' n"", ""78° 29' 53.7936'' e""]",17.45 78.5
Jharsuguda,21.85°n 84.03°e,,
Shivpuri,25.43°n 77.65°e,"['shivpuri', ' 77.657990', None, ""25° 25' 26.8320'' n"", ""77° 39' 28.7640'' e""]",25.42378 77.66223
Bareilly,28.364°n 79.415°e,,28.34702 79.42193
Kodagu,12.4208°n 75.7397°e,,12.41667 75.75
Cuddalore,11.75°n 79.75°e,"['cuddalore', "" is 79.768021. cuddalore, tamil nadu, india is located at india country in the cities place category with the gps coordinates of 11° 44' 40.9164'' n and 79° 46' 4.8756'' e."", "" of cuddalore, tamil nadu, india is 11.744699, and the longitude is 79.768021. cuddalore, tamil nadu, india is located at india country in the cities place category with the gps coordinates of 11° 44' 40.9164'' n and 79° 46' 4.8756'' e."", None, None]",11.74629 79.76436
Jind,29.317°n 76.317°e,"['the latitude of jind', ' 76.316666', ' of jind, haryana, india is 29.316668, and the longitude is 76.316666.', ""29° 19' 0.0048'' n"", ""76° 18' 59.9976'' e""]",29.32 76.32
North Cachar Hills,,,25.499998 93.0
Nanded,19.15°n 77.30°e,"['the latitude of nanded', ' 77.319717', ' of nanded, maharashtra, india is 19.169815, and the longitude is 77.319717.', ""19° 10' 11.3340'' n"", ""77° 19' 10.9812'' e""]",19.15 77.333
Osmanabad,18.31944°n 76.07361°e,"['the latitude of anand nagar', ' 76.038010', ' of anand nagar, osmanabad, maharashtra, india is 18.172821, and the longitude is 76.038010.', ""18° 10' 22.1556'' n"", ""76° 2' 16.8360'' e""]",18.18158 76.03889
Pakur,24.63°n 87.85°e,,24.57058 87.67075
Nagercoil,8.17°n 77.43°e,"['the latitude of nagercoil', "" is 77.432159. nagercoil, tamil nadu, india is located at india country in the cities place category with the gps coordinates of 8° 10' 28.0200'' n and 77° 25' 55.7724'' e."", "" of nagercoil, tamil nadu, india is 8.174450, and the longitude is 77.432159. nagercoil, tamil nadu, india is located at india country in the cities place category with the gps coordinates of 8° 10' 28.0200'' n and 77° 25' 55.7724'' e."", None, None]",8.18 77.43
Pune,18.52028°n 73.85667°e,"['pune', ' 73.856255', ' 18.516726', ""18° 31' 0.2136'' n"", ""73° 51' 22.5180'' e""]",18.51957 73.85535
Coimbatore,11.01833°n 76.97250°e,"['the latitude of gandhipuram', "" is 76.966698. gandhipuram, coimbatore, tamil nadu, india is located at india country in the districts place category with the gps coordinates of 11° 1' 13.8792'' n and 76° 58' 0.1128'' e."", "" of gandhipuram, coimbatore, tamil nadu, india is 11.020522, and the longitude is 76.966698. gandhipuram, coimbatore, tamil nadu, india is located at india country in the districts place category with the gps coordinates of 11° 1' 13.8792'' n and 76° 58' 0.1128'' e."", None, None]",11.00555 76.96612
Mehsana,23.6°n 72.4°e,"['the latitude of mehsana', ' 72.369949', ' of mehsana, gujarat, india is 23.586761, and the longitude is 72.369949.', ""23° 35' 12.3396'' n"", ""72° 22' 11.8164'' e""]",23.666664 72.499998
Barwani,22.03°n 74.9°e,"['barwani', ' 74.900002', None, ""22° 1' 48.0036'' n"", ""74° 54' 0.0072'' e""]",22.03 74.9
Seraikela Kharsawan,22.70000°n 85.92000°e,,22.69904 85.93154
SILVASA,,"['silvassa', ' 73.008308', ' 20.276266', ""20° 16' 34.5576'' n"", ""73° 0' 29.9088'' e""]",20.27 73.02
Shahpura,,"['the latitude of shahpur', ' 77.548416', ' of shahpur, uttar pradesh, india is 29.351620, and the longitude is 77.548416.', ""29° 21' 5.8320'' n"", ""77° 32' 54.2976'' e""]",25.63 74.93
Birbhum,,,23.9167 87.5333
Nalbari,26.445°n 91.440°e,,27.755861 96.621323
Nashik,20.00°n 73.78°e,"['the latitude of nashik', ' 73.789803', ' 19.997454', ""19° 59' 50.8344'' n"", ""73° 47' 23.2908'' e""]",19.99727 73.79096
Firozpur,30.9166°n 74.6°e,"['the latitude of ferozepur', ' 74.610214', ' 30.923433', ""30° 55' 24.3588'' n"", ""74° 36' 36.7704'' e""]",30.935 74.624
Janigir - Champa,,,21.9 82.7
Bomdila,27.25°n 92.4°e,,27.25 92.4
Panch Mahals,22.750°n 73.600°e,,27.171165982 78.038666512
Davanagere,14.4666°n 75.9242°e,"['the latitude of davangere', ' 75.914154', ' of davangere, karnataka, india is 14.470586, and the longitude is 75.914154.', ""14° 28' 14.1096'' n"", ""75° 54' 50.9544'' e""]",14.43 75.9
Boudh,20.84°n 84.32°e,,20.84 84.32
Chennai,13.083°n 80.267°e,"['chennai', ' 80.237617', ' 13.067439', ""13° 4' 2.7804'' n"", ""80° 14' 15.4212'' e""]",13.083666332 80.268665592
Tezpur,26.63°n 92.8°e,"['tezpur is a city in the state of assam', ' 92.783813', None, ""26° 39' 4.3848'' n"", ""92° 47' 1.7268'' e""]",26.63333 92.8
Buxar,25.56049°n 83.98054°e,"['the latitude of buxar', ' 83.977745', ' 25.564711', ""25° 33' 52.9596'' n"", ""83° 58' 39.8820'' e""]",25.57548 83.98043
Ernakulam,9.98°n 76.28°e,"['the latitude of kodamkulangara', ' 76.342911', ' of kodamkulangara, ernakulam, kerala, india is 9.957396, and the longitude is 76.342911.', ""9° 57' 26.6256'' n"", ""76° 20' 34.4796'' e""]",9.98 76.28
Poonch,,"['the latitude of poonch', ' 74.092468', ' 33.766987', ""33° 46' 1.1532'' n"", ""74° 5' 32.8848'' e""]",33.77 74.1
Durgapur,23.55°n 87.32°e,"['the latitude of durgapur', ' 87.321930', ' 23.533440', ""23° 32' 0.3840'' n"", ""87° 19' 18.9480'' e""]",23.48 87.32
Suryapet,17.1415°n 79.6236°e,"['the latitude of suryapet', ' 79.623924', ' 17.143908', ""17° 8' 38.0688'' n"", ""79° 37' 26.1264'' e""]",17.72602 79.15236
Jashpur,22.900°n 84.150°e,"['the latitude of jashpur nagar', ' 84.138237', ' of jashpur nagar, chhattisgarh, india is 22.887421, and the longitude is 84.138237.', ""22° 53' 14.7156'' n"", ""84° 8' 17.6532'' e""]",22.9 84.15
Karnal,29.69°n 76.98°e,"['the latitude of karnal', ' 76.990547', ' of karnal, haryana, india is 29.685629, and the longitude is 76.990547.', ""29° 41' 8.2644'' n"", ""76° 59' 25.9692'' e""]",29.68 76.98
West Garo Hills,,"['coordinates of west garo hills', ' 90.224464', None, ""25° 34' 4.5768'' n"", ""90° 13' 28.0704'' e""]",25.56794 90.22447
VISNAGAR,,"['the latitude of visnagar', ' 72.544571', ' 23.697231', ""23° 41' 50.0316'' n"", ""72° 32' 40.4556'' e""]",23.7 72.55
Sirmaur,,,24.83648 81.36448
Hapur,28.730937°n 77.775736°e,"['hapur', "" is 77.775879. hapur, uttar pradesh, india is located at india country in the cities place category with the gps coordinates of 28° 43' 50.0844'' n and 77° 46' 33.1644'' e."", "" of hapur, uttar pradesh, india is 28.730579, and the longitude is 77.775879. hapur, uttar pradesh, india is located at india country in the cities place category with the gps coordinates of 28° 43' 50.0844'' n and 77° 46' 33.1644'' e."", None, None]",28.72 77.78
Surendra Nagar,,"['the latitude of surendranagar', ' 71.637077', ' 22.728392', ""22° 43' 42.2112'' n"", ""71° 38' 13.4772'' e""]",22.72706 71.64856
Jagatsinghpur,20.27°n 86.17°e,,20.27 86.17
Chikkamagaluru,13.313°n 75.737°e,,13.32231 75.774
Raigad,,,18.2337807315 73.4374699168
Jalna,,"['jalna is a large city in the state of maharashtra', ' 75.890633', None, ""19° 50' 48.5196'' n"", ""75° 53' 26.2788'' e""]",19.83 75.88
Hooghly,,"['the latitude of hooghly', ' 88.389999', ' 22.900000', ""22° 53' 60.0000'' n"", ""88° 23' 23.9964'' e""]",21.916663 88.083333
Auraiya,26.47°n 79.52°e,"['the latitude of auraiya', ' 79.519997', ' 26.469999', ""26° 28' 11.9964'' n"", ""79° 31' 11.9892'' e""]",26.47 79.52
Jhalawar,24.59°n 76.16°e,"['the latitude of jhalawar', ' 76.160980', ' 24.597349', ""24° 35' 50.4564'' n"", ""76° 9' 39.5280'' e""]",24.6 76.15
Korba,,"['the latitude of korba', ' 82.734840', ' 22.363848', ""22° 21' 49.8528'' n"", ""82° 44' 5.4240'' e""]",22.35 82.68
Kota,,"['coordinates of gumanpura', ' 75.845322', None, ""25° 9' 46.7928'' n"", ""75° 50' 43.1592'' e""]",25.18 75.83
Begusarai,25.42°n 86.13°e,,25.42 86.13
Pontashaib,,,30.45 77.62
Daman & Diu,20.42°n 72.83°e,,
Prakasam,,,15.4167 79.9333
Proddattur,,"['the latitude of proddatur', ' 78.552757', ' 14.752805', ""14° 45' 10.0980'' n"", ""78° 33' 9.9252'' e""]",14.7502 78.54813
Kanchipuram,12.82°n 79.71°e,,11.83333 78.0
Mahendragarh,28.28°n 76.15°e,"['the latitude of mahendragarh', ' 76.150932', ' 28.268347', ""28° 16' 6.0492'' n"", ""76° 9' 3.3552'' e""]",28.28 76.15
Fazilka,30.403°n 74.025°e,"['the latitude of fazilka', ' 74.027962', ' 30.403648', ""30° 24' 13.1328'' n"", ""74° 1' 40.6632'' e""]",30.37585 74.11693
Dholpur,26.7°n 77.9°e,"['the latitude of dholpur', ' 77.893394', ' 26.702518', ""26° 42' 9.0648'' n"", ""77° 53' 36.2184'' e""]",26.7 77.9
Andman & Nicobar,,,
Tirupati,13.65°n 79.42°e,"['tirupati', "" is 79.424446. tirupati, andhra pradesh, india is located at india country in the cities place category with the gps coordinates of 13° 37' 44.6340'' n and 79° 25' 28.0056'' e."", "" of tirupati, andhra pradesh, india is 13.629065, and the longitude is 79.424446. tirupati, andhra pradesh, india is located at india country in the cities place category with the gps coordinates of 13° 37' 44.6340'' n and 79° 25' 28.0056'' e."", None, None]",13.63551 79.41989
Fatehgarh Sahib,30.64722°n 76.39306°e,"['continental institute for international studies', ' 76.459137', None, ""30° 33' 59.8392'' n"", None]",30.64379 76.34787
Jhabua,22.77°n 74.6°e,,22.767 74.5
Kabri Anglong,,,26.0 93.499998
Khammam,17.25°n 80.16°e,"['the latitude of khammam', ' 80.151443', ' 17.247253', ""17° 14' 50.1108'' n"", ""80° 9' 5.1948'' e""]",17.24767 80.14368
Gaya,,,24.79686 85.00385
Hoshiarpur,31.53°n 75.92°e,"['the latitude of hoshiarpur', ' 75.913673', ' of hoshiarpur, punjab, india is 31.527355, and the longitude is 75.913673.', ""31° 31' 38.4780'' n"", ""75° 54' 49.2228'' e""]",31.583331 75.9833294
Burdwan,23.233°n 87.867°e,"['the latitude of burdwan', ' 87.863419', ' of burdwan, west bengal, india is 23.232513, and the longitude is 87.863419.', ""23° 13' 57.0468'' n"", ""87° 51' 48.3084'' e""]",23.25 87.85
Silchar,24.82°n 92.8°e,"['the latitude of silchar', ' 92.779282', ' 24.833946', ""24° 50' 2.2056'' n"", ""92° 46' 45.4152'' e""]",24.82733 92.79787
Sitapur,27.57°n 80.66°e,"['the latitude of sitapur', ' 80.663765', ' 27.575090', ""27° 34' 30.3240'' n"", ""80° 39' 49.5540'' e""]",27.57 80.68
Kathua,32.385°n 75.517°e,,32.36941 75.52539
Rajnandgaon,21.10°n 81.03°e,,21.1 81.03
Bageshwar,29.838°n 79.771°e,,29.85 79.77
Gautam Buddha Nagar,28.5333°n 77.3891°e,"['the latitude of gautam buddha nagar', ' 77.550758', ' of gautam buddha nagar, uttar pradesh, india is 28.358982, and the longitude is 77.550758.', ""28° 21' 32.3352'' n"", ""77° 33' 2.7288'' e""]",28.35898 77.55076
Mysore,12.26°n 76.6°e,,12.3 76.65
Bhadrak,21.06°n 86.50°e,"['the latitude of bhadrak', ' 86.485748', ' of bhadrak, odisha, india is 21.051182, and the longitude is 86.485748.', ""21° 3' 4.2552'' n"", ""86° 29' 8.6928'' e""]",21.0 86.6
ANJAR,,,23.13 70.02
Banaskantha,24.17306°n 72.43139°e,,24.20306 72.74472
Saharanpur,29.964°n 77.546°e,"['the latitude of saharanpur', ' 77.549057', ' 29.959694', ""29° 57' 34.8984'' n"", ""77° 32' 56.6052'' e""]",29.97 77.55
Chandauli,25.27°n 83.27°e,"['the latitude of chandauli', "" is 83.266266. chandauli, uttar pradesh, india is located at india country in the towns place category with the gps coordinates of 25° 15' 37.6416'' n and 83° 15' 58.5576'' e."", "" of chandauli, uttar pradesh, india is 25.260456, and the longitude is 83.266266. chandauli, uttar pradesh, india is located at india country in the towns place category with the gps coordinates of 25° 15' 37.6416'' n and 83° 15' 58.5576'' e."", None, None]",25.27 83.27
Shilong,,,25.56892 91.88313
Tiruvannamalai,12.22°n 79.07°e,,12.51 79.09
Bulandshahr,28.4°n 77.85°e,"['the latitude of bulandshahr', ' 77.849831', ' 28.406963', ""28° 24' 25.0668'' n"", ""77° 50' 59.3916'' e""]",28.40392 77.85773
Bharuch,21.712°n 72.993°e,,21.7 72.97
Sheopur,25.67°n 76.7°e,"['the latitude of sheopur', "" is 76.699997. sheopur, madhya pradesh, india is located at india country in the cities place category with the gps coordinates of 25° 40' 12.0000'' n and 76° 41' 59.9892'' e."", "" of sheopur, madhya pradesh, india is 25.670000, and the longitude is 76.699997. sheopur, madhya pradesh, india is located at india country in the cities place category with the gps coordinates of 25° 40' 12.0000'' n and 76° 41' 59.9892'' e."", None, None]",25.67 76.7
Midnapore West,,"['the latitude of medinipur', ' 87.321487', ' of medinipur, west bengal, india is 22.430889, and the longitude is 87.321487.', ""22° 25' 51.2004'' n"", ""87° 19' 17.3532'' e""]",22.25 87.65
Katni,23.48°n 80.40°e,"['the latitude of katni', ' 80.420609', ' 23.833717', ""23° 50' 1.3812'' n"", ""80° 25' 14.1924'' e""]",23.48 80.4
Behrampur,,,19.32 84.78
Balasore,21.49°n 86.93°e,"['the latitude of balasore', ' 86.942657', ' 21.494978', ""21° 29' 41.9208'' n"", ""86° 56' 33.5652'' e""]",21.49266 86.93348
Kottayam,9.5947087°n 76.4855729°e,"['coordinates of kottayam', ' 76.522171', None, ""9° 35' 29.1876'' n"", ""76° 31' 19.8156'' e""]",9.58692 76.52132
Kaithal,29.8015°n 76.3998°e,,29.8 76.38
Kolkata,22.5726°n 88.3639°e,,22.5499978 88.333332
Ponda,,,15.4 74.02
Jhansi,25.44862°n 78.56962°e,,25.499998 78.499998
Karnataka,12.97°n 77.50°e,,14.62 74.85
Tumkur,13.34°n 77.1°e,,13.34136 77.1022
Bijnor,29.37°n 78.13°e,,29.373 78.13636
Murshidabad,24.18°n 88.27°e,"['coordinates of murshidabad', ' 88.280182', None, ""24° 10' 33.2508'' n"", ""88° 16' 48.6552'' e""]",24.14 88.26
Jorhat,26.75°n 94.22°e,,26.75 94.22
Udham Singh Nagar,28.98°n 79.40°e,,29.05414 79.46308
Rohtas,,,25.10299 84.11415
Mundra,22.85°n 69.73°e,"['coordinates of mundra', ' 69.721329', ' 22.839520', ""22° 50' 22.2720'' n"", ""69° 43' 16.7844'' e""]",22.85 69.73
Dimapur,25.92°n 93.73°e,,25.90749637 93.73833038
Anand,,"['the latitude of anand', ' 72.950996', ' 22.556000', ""22° 33' 21.6000'' n"", ""72° 57' 3.5856'' e""]",22.57 72.93
Chittorgarh,24.88°n 74.63°e,"['coordinates of madhuban', ' 74.616852', None, ""24° 51' 52.6104'' n"", ""74° 37' 0.6672'' e""]",24.88 74.63
Bardhaman,23.233°n 87.867°e,"['the latitude of burdwan', ' 87.863419', ' 23.232513', ""23° 13' 57.0468'' n"", ""87° 51' 48.3084'' e""]",23.25 87.85
Ariyalur,11.13722°n 79.07778°e,"['coordinates of sriandavar computers', ' 79.072189', ' 11.141654', ""11° 8' 29.9544'' n"", None]",11.15 79.25
Muktsar,30.29°n 74.31°e,"['the latitude of sri muktsar sahib', ' 74.518204', ' 30.480042', ""30° 28' 48.1512'' n"", ""74° 31' 5.5344'' e""]",30.28735 74.53489
Darjeeling,27.050°n 88.267°e,"['darjeeling', ' 88.262672', None, ""27° 2' 9.6252'' n"", ""88° 15' 45.6192'' e""]",27.03 88.16
Shimla,31.10333°n 77.17222°e,"['the latitude of shimla', "" is 77.173424. shimla, himachal pradesh, india is located at india country in the cities place category with the gps coordinates of 31° 6' 16.5780'' n and 77° 10' 24.3264'' e."", "" of shimla, himachal pradesh, india is 31.104605, and the longitude is 77.173424. shimla, himachal pradesh, india is located at india country in the cities place category with the gps coordinates of 31° 6' 16.5780'' n and 77° 10' 24.3264'' e."", None, None]",31.10442 77.16662
Bengaluru,12.983°n 77.583°e,"['bangalore', ' 77.580643', ' 12.972442', ""12° 58' 20.7912'' n"", ""77° 34' 50.3148'' e""]",12.97 77.56
Bastar,,,19.07 82.03
Patiala,30.34°n 76.38°e,"['patiala is a large town with 830', ' 76.379997', None, ""30° 20' 24.0000'' n"", ""76° 22' 47.9892'' e""]",30.33 76.4
Magadh,,,24.749997 85.0
Beed,18.99°n 75.76°e,"['the latitude of beed', ' 75.776138', ' 18.992012', ""18° 59' 31.2432'' n"", ""75° 46' 34.0968'' e""]",18.921836 72.834705
Alappuzha,9.49°n 76.33°e,"['the latitude of alappuzha', ' 76.338844', ' 9.498067', ""9° 29' 53.0412'' n"", ""76° 20' 19.8384'' e""]",9.49004 76.3264
Lakhisarai,25.16778°n 86.09444°e,,25.2 86.2
Surat,21.17024000°n 72.83106083°e,,21.17 72.83
Madhepura,25.9144400°n 86.7826500°e,"['the latitude of madhepura', ' 86.794525', ' 25.924702', ""25° 55' 28.9272'' n"", ""86° 47' 40.2900'' e""]",25.8 87.0
Jabalpur,23.167°n 79.933°e,"['the latitude of jabalpur', "" is 79.931847. jabalpur, madhya pradesh, india is located at india country in the cities place category with the gps coordinates of 23° 10' 7.5720'' n and 79° 55' 54.6492'' e."", "" of jabalpur, madhya pradesh, india is 23.168770, and the longitude is 79.931847. jabalpur, madhya pradesh, india is located at india country in the cities place category with the gps coordinates of 23° 10' 7.5720'' n and 79° 55' 54.6492'' e."", None, None]",23.17 79.95
DWARKA,,"['coordinates of dwarka', ' 77.046051', ' 28.592140', ""28° 35' 31.7040'' n"", ""77° 2' 45.7836'' e""]",22.23 68.97
Ludhiana,30.91°n 75.85°e,"['ludhiana', ' 75.857277', None, ""30° 54' 3.4740'' n"", ""75° 51' 26.1972'' e""]",30.9 75.85
Nabha,30.37°n 76.15°e,"['the latitude of nabha', ' 76.145187', ' 30.373674', ""30° 22' 25.2264'' n"", ""76° 8' 42.6732'' e""]",30.37 76.15
Porbandar,21.63000°n 69.60000°e,,21.624664168 69.5999976
Etawah,26.77°n 79.03°e,,26.77 79.03
Vyara,21.12°n 73.4°e,"['coordinates of vyara', ' 73.400002', ' 21.120001', ""21° 7' 12.0036'' n"", ""73° 24' 0.0072'' e""]",21.12 73.4
Gwalior,26.221521°n 78.178024°e,"['birla nagar', ' 78.187790', ' 26.233717', ""26° 14' 1.3812'' n"", ""78° 11' 16.0440'' e""]",26.22983 78.17337
Bhubaneswar,20.27°n 85.84°e,"['bhubaneswar', "" is 85.824539. bhubaneswar, odisha, india is located at india country in the cities place category with the gps coordinates of 20° 17' 45.8124'' n and 85° 49' 28.3404'' e."", "" of bhubaneswar, odisha, india is 20.296059, and the longitude is 85.824539. bhubaneswar, odisha, india is located at india country in the cities place category with the gps coordinates of 20° 17' 45.8124'' n and 85° 49' 28.3404'' e."", None, None]",20.27241 85.83385
Barpeta,26.32°n 91.0°e,"['the latitude of barpeta', ' 91.004051', ' 26.330421', ""26° 19' 49.5156'' n"", ""91° 0' 14.5836'' e""]",26.32 91.0
Cuttack,20.52361°n 85.78806°e,"['cuttack', ' 85.882988', ' 20.462521', ""20° 27' 45.0756'' n"", ""85° 52' 58.7568'' e""]",20.5 85.83
Pratapgarh,,"['pratapgarh city', ' 81.945297', ' 25.897305', ""25° 53' 50.2980'' n"", ""81° 56' 43.0692'' e""]",25.89509 81.9424
Phagwara,31.22°n 75.77°e,"['the latitude of phagwara', ' 75.770798', ' 31.224020', ""31° 13' 26.4720'' n"", ""75° 46' 14.8728'' e""]",31.22452 75.77387
Nizamabad,,,18.672997308 78.101832926
Ranchi,23.36°n 85.33°e,"['ranchi', ' 85.309563', ' 23.344101', ""23° 20' 38.7636'' n"", ""85° 18' 34.4268'' e""]",23.34777 85.33856
Navi Mumbai,19.02°n 73.02°e,,19.2437 73.13554
Goalpara,26.17°n 90.62°e,,26.17 90.62
Jhunjhunu,28.13°n 75.4°e,"['jhunjhunu', ' 75.399506', ' 28.128876', ""28° 7' 43.9536'' n"", ""75° 23' 58.2216'' e""]",28.13 75.4
Palwal,28.143°n 77.329°e,,28.15 77.33
Midnapore East,,"['the latitude of purba medinipur', ' 87.776337', ' 21.937288', ""21° 56' 14.2368'' n"", ""87° 46' 34.8132'' e""]",22.43 87.87
Sanga Reddy,,"['the latitude of sangareddy', ' 78.081810', ' 17.611629', ""17° 36' 41.8644'' n"", ""78° 4' 54.5160'' e""]",17.23 77.58
Baramati,18.15°n 74.58°e,"['the latitude of baramati', ' 74.576782', ' 18.150663', ""18° 9' 2.3868'' n"", ""74° 34' 36.4152'' e""]",18.15 74.58
Amareli,,"['the latitude of amreli', ' 71.222084', ' 21.603176', ""21° 36' 11.4336'' n"", ""71° 13' 19.5024'' e""]",21.59983 71.21169
Chidambaram,11.4°n 79.7°e,"['coordinates of chidambaram', ' 79.695358', None, ""11° 23' 53.4984'' n"", ""79° 41' 43.2888'' e""]",11.39907 79.69113
PALANPUR,,"['coordinates of palanpur', ' 72.426682', ' 24.179331', ""24° 10' 45.5916'' n"", ""72° 25' 36.0552'' e""]",24.1 72.25
Bongaigaon,26.48°n 90.56°e,"['the latitude of bongaigaon', ' 90.535233', ' 26.500999', ""26° 30' 3.5964'' n"", ""90° 32' 6.8388'' e""]",26.47 90.57
Delhi,28.61000°n 77.23000°e,"['new delhi', ' 77.216721', ' 28.644800', ""28° 38' 41.2800'' n"", ""77° 13' 0.1956'' e""]",28.63576 77.22445
Akola,20.7°n 77.00°e,"['the latitude of akola', ' 77.002960', ' of akola, maharashtra, india is 20.707228, and the longitude is 77.002960.', ""20° 42' 26.0208'' n"", ""77° 0' 10.6560'' e""]",20.499998 77.166666
North 24 Parganas,22.13°n 88.50°e,,
Solapur,17.6800°n 75.9200°e,"['velapur', ' 75.054108', ' 17.795609', ""17° 47' 44.1924'' n"", ""75° 3' 14.7888'' e""]",17.68 75.92
Siddharthnagar,27.000°n 82.750°e,,27.300501 83.094498
Rajpura,30.484°n 76.594°e,"['the latitude of rajpura', ' 76.593948', ' 30.483997', ""30° 29' 2.3892'' n"", ""76° 35' 38.2128'' e""]",30.48 76.6
Sultanpur,,"['sultanpur', ' 82.072708', None, ""26° 15' 53.1936'' n"", ""82° 4' 21.7488'' e""]",26.249999 82.0
Tiruvallur,13.15°n 79.91°e,"['the latitude of tiruvallur', ' 79.894005', ' 13.144443', ""13° 8' 39.9948'' n"", ""79° 53' 38.4180'' e""]",13.14376 79.90889
MAHUVA,,"['coordinates of mahuva', ' 71.770462', ' 21.092159', ""21° 5' 31.7724'' n"", ""71° 46' 13.6632'' e""]",21.17 72.83
Lohit,,,27.7999968 95.4666648
Ahmedabad,23.03°n 72.58°e,"['ahmedabad', ' 72.585022', ' 23.033863', ""23° 2' 1.9068'' n"", ""72° 35' 6.0792'' e""]",23.03 72.58
Washim,20.1°n 77.15°e,"['the latitude of washim', ' 77.150002', ' 20.100000', ""20° 6' 0.0000'' n"", ""77° 9' 0.0072'' e""]",20.2 77.2
Perambalur,11.23°n 78.88°e,"['perambalur', "" is 78.879997. perambalur, tamil nadu, india is located at india country in the towns place category with the gps coordinates of 11° 13' 48.0000'' n and 78° 52' 47.9892'' e."", "" of perambalur, tamil nadu, india is 11.230000, and the longitude is 78.879997. perambalur, tamil nadu, india is located at india country in the towns place category with the gps coordinates of 11° 13' 48.0000'' n and 78° 52' 47.9892'' e."", None, None]",11.23 78.88
Gajapati,,,18.91 84.2
Bhagalpur,25.250°n 87.000°e,,25.0 86.916663
South Goa,15.2724°n 73.9583°e,"['there are about 115', ' 73.827827', None, ""15° 29' 48.3972'' n"", ""73° 49' 40.1772'' e""]",15.20425 74.16733
Chhindwara,22.07°n 78.93°e,"['the latitude of chhindwara', ' 78.938202', ' 22.057163', ""22° 3' 25.7868'' n"", ""78° 56' 17.5272'' e""]",22.07 78.93
Jalore,25.35°n 72.62°e,"['coordinates of jalore', ' 72.625374', ' 25.344481', ""25° 20' 40.1316'' n"", ""72° 37' 31.3464'' e""]",25.34558 72.61559
Panipat,29.39°n 76.97°e,"['the latitude of panipat', ' 76.977081', ' 29.398928', ""29° 23' 56.1408'' n"", ""76° 58' 37.4916'' e""]",29.39 76.97
Krishna,,"['coordinates of krishna river', ' 80.897270', ' 15.754239', ""15° 45' 15.2604'' n"", ""80° 53' 50.1720'' e""]",15.7166638 79.3166654
Hassan,,"['the latitude of hassan', ' 76.102898', ' 13.009711', ""13° 0' 34.9596'' n"", ""76° 6' 10.4328'' e""]",13.00715 76.0962
DEESA,,"['the latitude of deesa', ' 72.190674', ' of deesa, gujarat, india is 24.258503, and the longitude is 72.190674.', ""24° 15' 30.6108'' n"", ""72° 11' 26.4264'' e""]",23.03 72.58
Sonbhadra,24.68972°n 83.06528°e,,24.687163918 83.05916643
Kollam,8.88°n 76.60°e,"['coordinates of kollam', ' 76.614143', ' 8.893212', ""8° 53' 35.5632'' n"", ""76° 36' 50.9148'' e""]",8.88113 76.58469
Baksa,,,
Thiruvalla,,"['the latitude of thiruvalla', ' 76.574059', ' 9.383452', ""9° 23' 0.4272'' n"", ""76° 34' 26.6124'' e""]",9.3816 76.57489
Kutch,23.915°n 70.367°e,"['the latitude of kutch', "" is 69.859741. kutch, gujarat, india is located at india country in the villages place category with the gps coordinates of 23° 44' 1.4352'' n and 69° 51' 35.0676'' e."", "" of kutch, gujarat, india is 23.733732, and the longitude is 69.859741. kutch, gujarat, india is located at india country in the villages place category with the gps coordinates of 23° 44' 1.4352'' n and 69° 51' 35.0676'' e."", None, None]",23.915 70.367
Ghazipur,25.58°n 83.57°e,,25.58 83.57
Kaushambi,,"['the latitude of kaushambi', ' 81.403168', ' 25.361053', ""25° 21' 39.7908'' n"", ""81° 24' 11.4048'' e""]",25.53074 81.37729
Gadag,15.4167°n 75.6167°e,,15.42977 75.62971
Almora,29.5971°n 79.6591°e,"['coordinates of almora', ' 79.653893', None, ""29° 35' 39.0804'' n"", ""79° 39' 14.0148'' e""]",29.62 79.67
Ramgarh,,"['ramgarh', "" is 85.526421. ramgarh, jharkhand, india is located at india country in the districts place category with the gps coordinates of 23° 38' 3.7680'' n and 85° 31' 35.1156'' e."", "" of ramgarh, jharkhand, india is 23.634380, and the longitude is 85.526421. ramgarh, jharkhand, india is located at india country in the districts place category with the gps coordinates of 23° 38' 3.7680'' n and 85° 31' 35.1156'' e."", None, None]",29.45 79.55
Deoghar,24.48°n 86.7°e,"['the latitude of deoghar', ' 86.695175', ' 24.482775', ""24° 28' 57.9900'' n"", ""86° 41' 42.6300'' e""]",24.48 86.7
Alwar,27.549780°n 76.635539°e,"['the latitude of alwar', ' 76.625015', ' 27.560932', ""27° 33' 39.3552'' n"", ""76° 37' 30.0540'' e""]",27.57 76.6
Faridkot,,"['the latitude of faridkot', ' 74.739555', ' 30.678186', ""30° 40' 41.4696'' n"", ""74° 44' 22.3980'' e""]",30.65 74.75
Surendranagar,22.71667°n 71.71667°e,"['the latitude of surendranagar', ' 71.637077', ' 22.728392', ""22° 43' 42.2112'' n"", ""71° 38' 13.4772'' e""]",22.72706 71.64856
Thoubal,24.63°n 94.02°e,,24.63 94.02
West Godavari,16.117°n 81.017°e,,16.7 81.1
Nagapattinam,10.77°n 79.83°e,,10.85 79.74
Himatnagar,23.6°n 72.95°e,,23.59893 72.96602
Hubli,15.36167°n 75.08500°e,"['hubli', ' 75.101166', None, ""15° 22' 17.7528'' n"", ""75° 6' 4.1976'' e""]",15.34776 75.13378
BILIMORA,,,20.76957 72.96134
Darbhanga,26.17°n 85.9°e,"['darbhanga', ' 85.901413', None, ""26° 9' 10.7028'' n"", ""85° 54' 5.0868'' e""]",26.15216 85.89707
Baramulla,34.198°n 74.364°e,"['the latitude of baramulla', "" is 74.348259. baramulla, jammu and kashmir, india is located at india country in the cities place category with the gps coordinates of 34° 12' 7.7328'' n and 74° 20' 53.7324'' e."", "" of baramulla, jammu and kashmir, india is 34.202148, and the longitude is 74.348259. baramulla, jammu and kashmir, india is located at india country in the cities place category with the gps coordinates of 34° 12' 7.7328'' n and 74° 20' 53.7324'' e."", None, None]",34.055499778 74.421331648
Ambala,30.38°n 76.78°e,"['the latitude of ambala city', ' 76.776695', ' 30.378180', ""30° 22' 41.4480'' n"", ""76° 46' 36.1020'' e""]",30.33477 76.84335
Kendujhar,21.63°n 85.58°e,,21.5 85.5
Halol,22.5°n 73.47°e,"['the latitude of halol', ' 73.475449', ' 22.496063', ""22° 29' 45.8268'' n"", ""73° 28' 31.6164'' e""]",22.50321 73.47242
Allahabad,25.450°n 81.850°e,,25.45 81.84
Rupnagar,30.9664°n 76.5331°e,"['the latitude of rupnagar', ' 76.527328', ' 30.975254', ""30° 58' 30.9144'' n"", ""76° 31' 38.3808'' e""]",30.97 76.53
Tadipatri,14.92°n 78.02°e,,14.92 78.02
Mewat,,,27.98166 77.04656
AMALSAD,,"['the latitude of amalsad', ' 72.954918', ' of amalsad, gujarat, india is 20.817595, and the longitude is 72.954918.', ""20° 49' 3.3420'' n"", ""72° 57' 17.7048'' e""]",
Dharmapuri,12.1260°n 78.154°e,"['the latitude of dharmapuri', ' 78.136139', ' 12.106527', ""12° 6' 23.4972'' n"", ""78° 8' 10.1004'' e""]",12.1277 78.15794
Bhuj,23.25°n 69.67°e,"['bhuj', ' 69.666931', None, ""23° 14' 31.2036'' n"", ""69° 40' 0.9516'' e""]",23.25397 69.66928
Sonipat,28.990°n 77.022°e,"['the latitude of sonipat', ' 77.091278', ' of sonipat, haryana, india is 28.928774, and the longitude is 77.091278.', ""28° 55' 43.5864'' n"", ""77° 5' 28.6008'' e""]",28.98 77.02
Marigaon,26.253317°n 92.342405°e,,
Rishikesh,30.10833°n 78.29722°e,"['coordinates of rishikesh', ' 78.268112', None, ""30° 5' 13.7760'' n"", ""78° 16' 5.2032'' e""]",30.103368 78.294754
Dibrugarh,27.48°n 95°e,,27.47989 94.90837
Bhilai,21.21°n 81.38°e,,21.20919 81.4285
Ambedkar Nagar,,"['the latitude of ambedkar nagar', "" is 82.691544. ambedkar nagar, uttar pradesh, india is located at india country in the districts place category with the gps coordinates of 26° 28' 6.2220'' n and 82° 41' 29.5584'' e."", "" of ambedkar nagar, uttar pradesh, india is 26.468395, and the longitude is 82.691544. ambedkar nagar, uttar pradesh, india is located at india country in the districts place category with the gps coordinates of 26° 28' 6.2220'' n and 82° 41' 29.5584'' e."", None, None]",26.33 82.39
Rohtak,28.8909°n 76.5796°e,"['the latitude of rohtak', ' 76.606613', ' 28.895515', ""28° 53' 43.8540'' n"", ""76° 36' 23.8068'' e""]",28.89447 76.58917
Mumbai,18.97500°n 72.82583°e,"['borivali', ' 72.854118', ' 19.228825', ""19° 13' 43.7700'' n"", ""72° 51' 14.8248'' e""]",19.07283 72.88261
KHAMBHAT,,"['the latitude of khambhat', ' 72.618988', ' 22.318083', ""22° 19' 5.0988'' n"", ""72° 37' 8.3568'' e""]",22.166832666 72.419831654
SOMNATH JUNAGADHA,,,21.52 70.47
Margao,15.27361°n 73.95806°e,,15.3 73.95
Chandel,,,24.23549 94.09318
Goa,15.50°n 73.83°e,"['panjim', ' 73.827827', ' 15.496777', ""15° 29' 48.3972'' n"", ""73° 49' 40.1772'' e""]",15.4 74.02
Sawai Madhopur,25.983°n 76.367°e,"['the latitude of sawaimadhopur', ' 76.366669', ' 25.983334', ""25° 59' 0.0024'' n"", ""76° 22' 0.0084'' e""]",25.9833294 76.3666652
Mansa,,"['coordinates of mansa', ' 75.379257', ' 29.988245', ""29° 59' 17.6820'' n"", ""75° 22' 45.3252'' e""]",29.98844 75.40167
Thiruvananthapuram,8.48750°n 76.95250°e,"['the latitude of thiruvananthapuram', ' 76.936638', ' 8.524139', ""8° 31' 26.9004'' n"", ""76° 56' 11.8968'' e""]",8.4855 76.94924
Vadodara,22.300°n 73.200°e,"['the latitude of vadodara', ' 73.192635', ' 22.310696', ""22° 18' 38.5056'' n"", ""73° 11' 33.4860'' e""]",22.3 73.19
Madhubani,,,26.37 86.08
Jammu,32.73°n 74.87°e,"['the latitude of jammu', "" is 74.864273. jammu, india is located at india country in the cities place category with the gps coordinates of 32° 43' 58.7928'' n and 74° 51' 51.3828'' e."", "" of jammu, india is 32.732998, and the longitude is 74.864273. jammu, india is located at india country in the cities place category with the gps coordinates of 32° 43' 58.7928'' n and 74° 51' 51.3828'' e."", None, None]",32.73569 74.86911
Bahadurgarh,28.68°n 76.92°e,"['bahadurgarh', ' 76.919998', None, ""28° 40' 48.0000'' n"", ""76° 55' 11.9928'' e""]",28.68 76.92
Chitradurga,14.23°n 76.4°e,"['the latitude of chitradurga', ' 76.400002', ' 14.230000', ""14° 13' 48.0000'' n"", ""76° 24' 0.0072'' e""]",14.23 76.4
Nadia,,,23.4 88.5
Bidar,17.9°n 77.5°e,"['the latitude of bidar', ' 77.519722', ' 17.920000', ""17° 55' 12.0000'' n"", ""77° 31' 10.9992'' e""]",17.9 77.55
Deogarh,,"['the latitude of rbd high school', "" is 84.732338. rbd high school, deogarh, odisha, india is located at india country in the schools place category with the gps coordinates of 21° 32' 13.1388'' n and 84° 43' 56.4168'' e."", "" of rbd high school, deogarh, odisha, india is 21.536983, and the longitude is 84.732338. rbd high school, deogarh, odisha, india is located at india country in the schools place category with the gps coordinates of 21° 32' 13.1388'' n and 84° 43' 56.4168'' e."", None, None]",21.53768 84.73372
Churu,28.30°n 74.95°e,"['the latitude of churu', ' 74.966583', ' of churu, rajasthan, india is 28.292290, and the longitude is 74.966583.', ""28° 17' 32.2440'' n"", ""74° 57' 59.6988'' e""]",28.3 74.95
SAYAN,,,
Valsad,20.610°n 72.926°e,,20.63 72.93
Champawat,29.33°n 80.10°e,"['the latitude of champawat', ' 80.091026', ' 29.336098', ""29° 20' 9.9528'' n"", ""80° 5' 27.6936'' e""]",29.33 80.1
Rajahmundry,16.98°n 81.78°e,"['coordinates of rajahmundry', ' 81.783325', ' 17.004393', ""17° 0' 15.8148'' n"", ""81° 46' 59.9700'' e""]",16.98 81.78
Udupi and Uttara Kannada,,,13.35 74.75
Fatehabad,,"['the latitude of fatehabad', ' 75.455215', ' 29.511778', ""29° 30' 42.4008'' n"", ""75° 27' 18.7740'' e""]",29.52 75.45
Kanyakumari,8.084°n 77.546°e,"['the latitude of kanyakumari', "" is 77.538452. kanyakumari, tamil nadu, india is located at india country in the towns place category with the gps coordinates of 8° 5' 17.9016'' n and 77° 32' 18.4272'' e."", "" of kanyakumari, tamil nadu, india is 8.088306, and the longitude is 77.538452. kanyakumari, tamil nadu, india is located at india country in the towns place category with the gps coordinates of 8° 5' 17.9016'' n and 77° 32' 18.4272'' e."", None, None]",8.08 77.57
SURENDERNAGAR,,"['the latitude of surendranagar', ' 71.637077', ' 22.728392', ""22° 43' 42.2112'' n"", ""71° 38' 13.4772'' e""]",22.72706 71.64856
Sheikhpura,25.14028°n 85.85083°e,,25.13994 85.84096
Haveri,14.79389°n 75.40389°e,"['the latitude of haveri', ' 75.397125', ' 14.795903', ""14° 47' 45.2508'' n"", ""75° 23' 49.6500'' e""]",14.8 75.4
Harda,22.33°n 77.1°e,,22.33 77.1
Guwahati,26.17222°n 91.74583°e,"['the latitude of guwahati', "" is 91.731377. guwahati, assam, india is located at india country in the cities place category with the gps coordinates of 26° 8' 52.9548'' n and 91° 43' 52.9572'' e."", "" of guwahati, assam, india is 26.148043, and the longitude is 91.731377. guwahati, assam, india is located at india country in the cities place category with the gps coordinates of 26° 8' 52.9548'' n and 91° 43' 52.9572'' e."", None, None]",26.1844 91.7458
Chhatarpur,24.63°n 79.5°e,"['the latitude of chhatarpur', ' 79.581184', ' 24.916355', ""24° 54' 58.8780'' n"", ""79° 34' 52.2624'' e""]",24.9177 79.58871
Gandhidham,23.08°n 70.13°e,"['coordinates of gandhidham', ' 70.140152', None, ""23° 4' 44.7600'' n"", ""70° 8' 24.5472'' e""]",23.08333 70.13333
Lakhimpur Kheri,27.6°n 80.34°e,,27.6 80.34
Namchi,27.17°n 88.35°e,,27.17 88.35
Guntur,16.3008°n 80.4428°e,"['guntur', ' 80.435028', None, ""16° 18' 51.1524'' n"", ""80° 26' 6.1008'' e""]",16.2 80.27
Hoshangabad,22.75°n 77.72°e,"['the latitude of hoshangabad', "" is 77.736969. hoshangabad, madhya pradesh, india is located at india country in the cities place category with the gps coordinates of 22° 44' 38.7888'' n and 77° 44' 13.0884'' e."", "" of hoshangabad, madhya pradesh, india is 22.744108, and the longitude is 77.736969. hoshangabad, madhya pradesh, india is located at india country in the cities place category with the gps coordinates of 22° 44' 38.7888'' n and 77° 44' 13.0884'' e."", None, None]",22.75 77.72
Karimnagar,18.43694°n 79.12417°e,"['karimnagar is a large city in the state of telangana', ' 79.128838', None, ""18° 26' 18.7980'' n"", ""79° 7' 43.8168'' e""]",18.43 79.15
Hamirpur,,,25.95 80.15
Thrissur,10.52°n 76.21°e,"['the latitude of thrissur', ' 76.214729', ' of thrissur, kerala, india is 10.530345, and the longitude is 76.214729.', ""10° 31' 49.2420'' n"", ""76° 12' 53.0244'' e""]",10.52 76.21
Muzaffarnagar,29.482217°n 77.700116°e,"['the latitude of muzaffarnagar', ' 77.696732', ' 29.471397', ""29° 28' 17.0292'' n"", ""77° 41' 48.2352'' e""]",29.47 77.68
Sangli,16.853°n 74.583°e,"['sangli is a large city with the population exceeding 500', ' 74.570389', None, ""16° 52' 3.4824'' n"", ""74° 34' 13.4004'' e""]",16.85438 74.56417
Banaskhantha,,,24.20306 72.74472
Agra,27.18°n 78.02°e,"['the latitude of agra', ' 78.008072', ' 27.176670', ""27° 10' 36.0120'' n"", ""78° 0' 29.0592'' e""]",27.083333 77.9666628
KAMREJ,,"['the latitude of kamrej', ' 72.958649', ' of kamrej, gujarat, india is 21.269190, and the longitude is 72.958649.', ""21° 16' 9.0840'' n"", ""72° 57' 31.1364'' e""]",
Kanpur,26.449923°n 80.331874°e,"['the latitude of nawabganj', "" is 80.301811. nawabganj, kanpur, uttar pradesh, india is located at india country in the districts place category with the gps coordinates of 26° 29' 33.3852'' n and 80° 18' 6.5196'' e."", "" of nawabganj, kanpur, uttar pradesh, india is 26.492607, and the longitude is 80.301811. nawabganj, kanpur, uttar pradesh, india is located at india country in the districts place category with the gps coordinates of 26° 29' 33.3852'' n and 80° 18' 6.5196'' e."", None, None]",26.46523 80.34975
Baran,,"['coordinates of baran', ' 76.513161', ' 25.101145', ""25° 6' 4.1220'' n"", ""76° 30' 47.3796'' e""]",25.09 76.66
Abohar,30.1334°n 74.2001°e,,30.14453 74.19552
Hospet,15.27°n 76.39°e,,15.26954 76.3871
Gulbarga,17.12°n 76.31°e,,17.33583 76.83757
GANDEVI,,,20.81214 72.99811
Kumbakonam,10.97°n 79.42°e,"['the latitude of kumbakonam', ' 79.380898', ' 10.959815', ""10° 57' 35.3340'' n"", ""79° 22' 51.2328'' e""]",10.97 79.42
Nagaon,26.3503828°n 92.6795912°e,,26.00281 92.85605
Raigarh,21.9°n 83.4°e,,21.9 83.4
Pathanamthitta,9.2648°n 76.7870°e,"['the latitude of pathanamthitta', ' 76.787041', ' of pathanamthitta, kerala, india is 9.264758, and the longitude is 76.787041.', ""9° 15' 53.1288'' n"", ""76° 47' 13.3476'' e""]",9.26667 76.78333
RADHANPUR,,,23.83 71.6
Bolangir,20.72°n 83.48°e,,20.72 83.48
Sabarkantha,23.6°n 72.95°e,,23.59893 72.96602
Siddipet,18.1°n 78.85°e,"['coordinates of siddipet', ' 78.852074', ' 18.101904', ""18° 6' 6.8544'' n"", ""78° 51' 7.4664'' e""]",18.10483 78.84858
Kharagpur,22.330239°n 87.323653°e,"['the latitude of kharagpur', ' 87.231972', ' 22.346010', ""22° 20' 45.6360'' n"", ""87° 13' 55.0992'' e""]",22.330239 87.323653
NALIYA,,,23.26058 68.82655
Madurai,9.9°n 78.1°e,"['coordinates of madurai', ' 78.121719', ' 9.939093', ""9° 56' 20.7348'' n"", ""78° 7' 18.1884'' e""]",9.91735 78.11962
Kanpur Dehat,26.3443°n 79.96718°e,,26.379 79.951
Dhalai,23.933°n 91.850°e,,24.07964 91.59972
Pulwama,33.88°n 74.92°e,"['pulwama', ' 74.899376', ' 33.871841', ""33° 52' 18.6276'' n"", ""74° 53' 57.7536'' e""]",32.88 74.92
Mancherial,18.88°n 79.45°e,,18.8667 79.4333
Kamrup Rural,,,26.333332 91.249999
Faizabad,26.773°n 82.146°e,,26.78 82.13
Cooch Behar,26.32419000°n 89.451000°e,"['the latitude of cooch behar', ' 89.451088', ' of cooch behar, west bengal, india is 26.323921, and the longitude is 89.451088.', ""26° 19' 26.1156'' n"", ""89° 27' 3.9168'' e""]",26.3666652 89.4833314
CHIKHLI (GUJ.),,,20.75 73.07
Mangalore,12.83982°n 74.78994°e,"['bannur rural', ' 75.200539', None, ""12° 47' 10.4352'' n"", ""75° 12' 1.9404'' e""]",12.91723 74.85603
Malappuram,11.041°n 76.083°e,"['coordinates of malappuram', ' 76.074005', None, ""11° 4' 19.3260'' n"", ""76° 4' 26.4180'' e""]",11.04019 76.08237
Hardoi,27.42°n 80.12°e,"['the latitude of hardoi', ' 80.131325', ' of hardoi, uttar pradesh, india is 27.395527, and the longitude is 80.131325.', ""27° 23' 43.8972'' n"", ""80° 7' 52.7700'' e""]",27.42 80.12
Vijayawada,16.5193°n 80.6305°e,"['vijayawada', ' 80.632095', ' 16.515099', ""16° 30' 54.3564'' n"", ""80° 37' 55.5420'' e""]",16.51363 80.62974
Warangal,18.0°n 79.58°e,"['the latitude of warangal', ' 79.588165', ' of warangal, andhra pradesh, india is 18.000055, and the longitude is 79.588165.', ""18° 0' 0.1980'' n"", ""79° 35' 17.3940'' e""]",17.95 79.5
Barnala,,,30.38 75.5
Meerut,28.99°n 77.70°e,"['the latitude of meerut', ' 77.705956', ' 28.984644', ""28° 59' 4.7184'' n"", ""77° 42' 21.4416'' e""]",28.98002 77.70636
Kashipur,,"['the latitude of kashipur', ' 78.961830', ' 29.210421', ""29° 12' 37.5156'' n"", ""78° 57' 42.5880'' e""]",29.22 78.95
Ballia,25.760392°n 84.147055°e,"['the latitude of ballia', ' 84.148911', ' 25.758503', ""25° 45' 30.6108'' n"", ""84° 8' 56.0796'' e""]",25.45 84.1
Nalanda,25.13667°n 85.44389°e,"['the latitude of nalanda', ' 85.456177', ' 25.122265', ""25° 7' 20.1540'' n"", ""85° 27' 22.2372'' e""]",25.08 85.42
Unnao,26.55°n 80.49°e,"['the latitude of unnao', ' 80.489960', ' 26.536938', ""26° 32' 12.9768'' n"", ""80° 29' 23.8560'' e""]",26.55 80.48
Gadchiroli,20.10°n 80.30°e,"['the latitude of gadchiroli', ' 79.994797', ' of gadchiroli, maharashtra, india is 20.184872, and the longitude is 79.994797.', ""20° 11' 5.5392'' n"", ""79° 59' 41.2692'' e""]",20.1 80.0
Salem,,,11.65117 78.15867
Kokrajhar,26.4°n 90.27°e,"['the latitude of kokrajhar', ' 90.266701', ' 26.401436', ""26° 24' 5.1696'' n"", ""90° 16' 0.1236'' e""]",26.4 90.27
BHILAD,,,
Nawadah,,"['coordinates of nawada', ' 85.529999', ' 24.879999', ""24° 52' 47.9964'' n"", ""85° 31' 47.9964'' e""]",24.749997 85.0
Mayurbhanj,21.933°n 86.733°e,,21.47 85.58
Nawanshahr,31.1167°n 76.1333°e,,31.13183 76.13328
Tirunelveli,8.7282833°n 77.6955389°e,,8.73 77.7
Baddi,30.928°n 76.796°e,,30.95783 76.79136
Kannauj,27.07°n 79.92°e,"['kannauj is a small city in the state of uttar pradesh', ' 79.918083', ' 27.055189', ""27° 3' 18.6804'' n"", ""79° 55' 5.0988'' e""]",27.07 79.92
Kohima,25.6701°n 94.1077°e,,25.67 94.12
Samastipur,25.862931°n 85.781064°e,,25.86222 85.77953
Ramban,,,33.32301 75.1861
KAPADWANJ,,,23.02 73.07
Bargarh,21.333°n 83.617°e,"['the latitude of bargarh', ' 83.624199', ' 21.342585', ""21° 20' 33.3060'' n"", ""83° 37' 27.1164'' e""]",21.33348 83.61905
Koriya,23.733°n 81.817°e,,23.26206 82.56051
Tandur,17.23°n 77.58°e,,17.23 77.58
Chapra,,"['the latitude of chhapra', ' 84.749886', ' 25.779566', ""25° 46' 46.4376'' n"", ""84° 44' 59.5896'' e""]",25.7848 84.7274
Dahod,22.83472°n 74.25556°e,,22.83283 74.25986
Mahbubnagar,16.75°n 78.00°e,"['mahbubnagar', ' 78.008125', None, ""16° 44' 15.0324'' n"", ""78° 0' 29.2500'' e""]",16.73 77.98
Datia,25.67°n 78.47°e,"['the latitude of datia', ' 78.460938', ' 25.665325', ""25° 39' 55.1700'' n"", ""78° 27' 39.3768'' e""]",25.67 78.47
Khargone,21.82°n 75.6187°e,"['the latitude of khargone', ' 75.614990', ' 21.833525', ""21° 50' 0.6900'' n"", ""75° 36' 53.9640'' e""]",21.82292 75.61394
Nilgiris,11.375°n 76.75833°e,"['the latitude of nilgiris', ' 76.733650', ' 11.491604', ""11° 29' 29.7744'' n"", ""76° 44' 1.1400'' e""]",11.0 76.1333328
Darrang,26.750°n 92.500°e,,26.749997 92.499998
Siwan,,"['the latitude of siwan', ' 84.356659', ' of siwan, bihar, india is 26.219622, and the longitude is 84.356659.', ""26° 13' 10.6392'' n"", ""84° 21' 23.9724'' e""]",26.22 84.36
Chandrapur,19.950°n 79.297°e,"['the latitude of chandrapur', ' 79.303360', ' 19.970324', ""19° 58' 13.1664'' n"", ""79° 18' 12.0960'' e""]",20.11793 79.44377
Araria,26.15°n 87.52°e,"['the latitude of araria', ' 87.445534', ' of araria, bihar, india is 26.131138, and the longitude is 87.445534.', ""26° 7' 52.0968'' n"", ""87° 26' 43.9224'' e""]",26.15 87.52
Malabar,,,12.01065 75.27039
Siruguppa,15.6°n 77°e,,15.63 76.89217
Namakkal,11.233°n 78.167°e,"['coordinates of namakkal', ' 78.171158', ' 11.229592', ""11° 13' 46.5312'' n"", ""78° 10' 16.1688'' e""]",11.23 78.17
Gadwal,16.23°n 77.8°e,,16.23 77.8
Jaunpur,,"['the latitude of jaunpur', ' 82.698441', ' 25.748695', ""25° 44' 55.3020'' n"", ""82° 41' 54.3876'' e""]",25.75356 82.68689
Durg,21.19°n 81.28°e,"['the latitude of durg', ' 81.284920', ' 21.190449', ""21° 11' 25.6164'' n"", ""81° 17' 5.7120'' e""]",21.19147 81.27619
Hailakandi,24.68°n 92.57°e,"['the latitude of hailakandi', ' 92.564339', ' 24.684690', ""24° 41' 4.8840'' n"", ""92° 33' 51.6204'' e""]",24.68 92.57
Modasa,23.47°n 73.3°e,,23.47 73.3
Rourkela,22.24917°n 84.88278°e,"['the latitude of jhirpani', ' 84.901024', ' 22.268684', ""22° 16' 7.2624'' n"", ""84° 54' 3.6864'' e""]",22.2565 84.816
Dhenkanal,,"['the latitude of dhenkanal', ' 85.596954', ' 20.660671', ""20° 39' 38.4156'' n"", ""85° 35' 49.0344'' e""]",20.67 85.6
BARDOLI,,"['bardoli', ' 73.112610', None, ""21° 7' 29.4852'' n"", ""73° 6' 45.3960'' e""]",21.12 73.12
Guna,,,24.65 77.32
Upper Subansiri,28.300°n 94.000°e,,28.2999988 94.0
Chittoor,13.2000°n 79.1167°e,"['the latitude of chittoor', ' 79.100677', ' of chittoor, andhra pradesh, india is 13.217096, and the longitude is 79.100677.', ""13° 13' 1.5456'' n"", ""79° 6' 2.4372'' e""]",13.416665 79.0
Moga,,"['coordinates of moga', ' 75.171707', ' 30.816460', ""30° 48' 59.2560'' n"", ""75° 10' 18.1452'' e""]",30.8 75.17
Virudhunagar,9.583°n 77.950°e,"['the latitude of virudhunagar', ' 77.951431', ' 9.587209', ""9° 35' 13.9524'' n"", ""77° 57' 5.1516'' e""]",9.94 77.57
Malda,,"['the latitude of malda', ' 88.141098', ' 25.010841', ""25° 0' 39.0276'' n"", ""88° 8' 27.9528'' e""]",25.04 88.14
Anantnag,33.73°n 75.15°e,"['the latitude of anantnag', "" is 75.149780. anantnag, jammu and kashmir, india is located at india country in the cities place category with the gps coordinates of 33° 43' 47.0244'' n and 75° 8' 59.2080'' e."", "" of anantnag, jammu and kashmir, india is 33.729729, and the longitude is 75.149780. anantnag, jammu and kashmir, india is located at india country in the cities place category with the gps coordinates of 33° 43' 47.0244'' n and 75° 8' 59.2080'' e."", None, None]",33.73068 75.15418
Aizawl,23.72722°n 92.71778°e,"['the latitude of aizawl', ' 92.717636', ' 23.727106', ""23° 43' 37.5816'' n"", ""92° 43' 3.4896'' e""]",23.7166638 92.7166638
Ghaziabad,,"['the latitude of ghaziabad', "" is 77.449791. ghaziabad, uttar pradesh, india is located at india country in the cities place category with the gps coordinates of 28° 40' 4.2816'' n and 77° 26' 59.2476'' e."", "" of ghaziabad, uttar pradesh, india is 28.667856, and the longitude is 77.449791. ghaziabad, uttar pradesh, india is located at india country in the cities place category with the gps coordinates of 28° 40' 4.2816'' n and 77° 26' 59.2476'' e."", None, None]",28.66535 77.43915
Lunglei,22.88°n 92.73°e,,22.89247 92.74218
Howrah,22.58444°n 88.26639°e,"['the latitude of nibra', "" is 88.269539. nibra, howrah, west bengal, india is located at india country in the towns place category with the gps coordinates of 22° 36' 1.8756'' n and 88° 16' 10.3404'' e."", "" of nibra, howrah, west bengal, india is 22.600521, and the longitude is 88.269539. nibra, howrah, west bengal, india is located at india country in the towns place category with the gps coordinates of 22° 36' 1.8756'' n and 88° 16' 10.3404'' e."", None, None]",22.59 88.31
Patna,25.6°n 85.1°e,"['the latitude of patna', "" is 85.158875. patna, bihar, india is located at india country in the cities place category with the gps coordinates of 25° 36' 45.6372'' n and 85° 9' 31.9500'' e."", "" of patna, bihar, india is 25.612677, and the longitude is 85.158875. patna, bihar, india is located at india country in the cities place category with the gps coordinates of 25° 36' 45.6372'' n and 85° 9' 31.9500'' e."", None, None]",25.61538 85.10103
Khagaria,25.50833°n 86.47417°e,"['the latitude of khagaria', ' 86.472527', ' 25.506659', ""25° 30' 23.9724'' n"", ""86° 28' 21.0972'' e""]",25.5022 86.46708
UMBERGAON,,,20.2 72.75
East Godavari,16.950°n 82.250°e,,17.83333 81.83333
Medak,18.046°n 78.263°e,,18.04531 78.26078
Maharajganj,,"['the latitude of pipradeora', "" is 83.550888. pipradeora, maharajganj, uttar pradesh, india is located at india country in the districts place category with the gps coordinates of 27° 8' 24.1476'' n and 83° 33' 3.1968'' e."", "" of pipradeora, maharajganj, uttar pradesh, india is 27.140041, and the longitude is 83.550888. pipradeora, maharajganj, uttar pradesh, india is located at india country in the districts place category with the gps coordinates of 27° 8' 24.1476'' n and 83° 33' 3.1968'' e."", None, None]",27.13 83.57
Kakinada,16.96611°n 82.25500°e,,16.93 82.22
Gangtok,27.33°n 88.62°e,"['gangtok', ' 88.606506', None, ""27° 20' 20.1696'' n"", ""88° 36' 23.4216'' e""]",27.32574 88.61216
Aurangabad,,"['the latitude of aurangabad', ' 75.352478', ' 19.901054', ""19° 54' 3.7944'' n"", ""75° 21' 8.9208'' e""]",19.87757 75.34226
Bahraich,27.575°n 81.594°e,"['the latitude of bahraich', ' 81.598022', ' 27.570839', ""27° 34' 15.0204'' n"", ""81° 35' 52.8792'' e""]",27.58 81.6
Itanagar,27.10000°n 93.62000°e,,27.1 93.62
Chamarajanagar,11.9260°n 76.9402°e,"['chamarajanagar is a town and the main municipality of the same name district in the southernmost area of karnataka state.\n...\nchamarajanagar', ' 76.943733', None, ""11° 55' 34.1292'' n"", ""76° 56' 37.4388'' e""]",11.92312 76.93949
Faridabad,28.4211°n 77.3078°e,"['sector 15a', ' 77.315292', None, ""28° 23' 43.4508'' n"", ""77° 18' 55.0512'' e""]",28.43 77.32
Buldhana,20.53278°n 76.18278°e,"['location maps - lonar crater', "" (degrees plus decimal minutes): 19° 58', 76° 31'"", "" & longitude (degrees plus decimal minutes): 19° 58', 76° 31'"", None, None]",19.98 76.51
Lalitpur,,"['the latitude of lalitpur', ' 78.412018', ' 24.687860', ""24° 41' 16.2960'' n"", ""78° 24' 43.2648'' e""]",24.68 78.42
Krishnagiri,12.53°n 78.23°e,"['the latitude of krishnagiri', ' 78.213737', ' 12.518611', ""12° 31' 6.9996'' n"", ""78° 12' 49.4532'' e""]",12.51921 78.21382
Kishanganj,26.07944°n 87.93722°e,"['coordinates of kishanganj', ' 87.776337', None, ""26° 18' 28.0548'' n"", ""87° 46' 34.8132'' e""]",26.10224 87.95534
Kupwara,34.52583°n 74.25528°e,,34.0333332 74.2666656
Silvassa,20.27°n 73.02°e,"['silvassa', ' 73.008308', ' 20.276266', ""20° 16' 34.5576'' n"", ""73° 0' 29.9088'' e""]",20.27 73.02
Amravati,20.92583°n 77.76472°e,"['amravati', ' 77.779549', ' 20.937424', ""20° 56' 14.7264'' n"", ""77° 46' 46.3764'' e""]",20.93 77.75
Khurdha,20.166°n 85.666°e,,20.18268 85.61629
Shahdol,23.28°n 81.35°e,,23.29356 81.3619
GODHRA,22.777266°n 73.620253°e,"['the latitude of shera', ' 73.613884', ' 22.773596', ""22° 46' 24.9456'' n"", ""73° 36' 49.9824'' e""]",22.77547 73.61488
Bhandara,21.17°n 79.65°e,"['the latitude of bhandara', ' 79.650002', ' of bhandara, maharashtra, india is 21.170000, and the longitude is 79.650002.', ""21° 10' 12.0000'' n"", ""79° 39' 0.0072'' e""]",21.17 79.65
Gondia,21.4598°n 80.195°e,"['the latitude of gondia', ' 80.195000', ' 21.459801', ""21° 27' 35.2836'' n"", ""80° 11' 42.0000'' e""]",21.0666664 80.3666652
East Khasi Hills,,,25.3805 91.78905
Angul,20.83806°n 85.09556°e,,21.21 86.11
Satara,,"['the latitude of satara', ' 74.000938', ' 17.691401', ""17° 41' 29.0436'' n"", ""74° 0' 3.3768'' e""]",17.68 73.98
Anantapur,14.68°n 77.599°e,"['the latitude of anantapur', "" is 77.595406. anantapur, andhra pradesh, india is located at india country in the cities place category with the gps coordinates of 14° 41' 8.0304'' n and 77° 35' 43.4616'' e."", "" of anantapur, andhra pradesh, india is 14.685564, and the longitude is 77.595406. anantapur, andhra pradesh, india is located at india country in the cities place category with the gps coordinates of 14° 41' 8.0304'' n and 77° 35' 43.4616'' e."", None, None]",14.67784 77.60813
Nabarangpur,19.23°n 82.55°e,,19.23114 82.54826
Shajapur,23.43°n 76.27°e,"['the latitude of shajapur', ' 76.266701', ' 23.433300', ""23° 25' 59.8800'' n"", ""76° 16' 0.1236'' e""]",23.43 76.27
Srinagar,34.09000°n 74.79000°e,"['srinagar', ' 74.797371', ' 34.083656', ""34° 5' 1.1616'' n"", ""74° 47' 50.5356'' e""]",34.08565 74.80555
Kozhikode,11.25°n 75.77°e,"['the latitude of kozhikode', ' 75.780411', ' of kozhikode, kerala, india is 11.258753, and the longitude is 75.780411.', ""11° 15' 31.5108'' n"", ""75° 46' 49.4796'' e""]",11.24802 75.7804
Agartala,23.833°n 91.283°e,"['the latitude of agartala', ' 91.277847', ' 23.829321', ""23° 49' 45.5556'' n"", ""91° 16' 40.2492'' e""]",23.83605 91.27939
IDAR,,"['idar', ' 73.003059', None, ""23° 50' 36.2148'' n"", ""73° 0' 11.0124'' e""]",23.83 73.0
Kochi,9.97°n 76.28°e,"['the latitude of kochi', ' 76.270523', ' 9.939093', ""9° 56' 20.7348'' n"", ""76° 16' 13.8828'' e""]",9.9666628 76.2166658
Tiruppur,11.11°n 77.34°e,"['coordinates of tiruppur', ' 77.348045', ' 11.110695', ""11° 6' 38.5020'' n"", ""77° 20' 52.9620'' e""]",11.11541 77.35456
Ganganagar,29.92°n 73.88°e,,29.92 73.88
Sehore,23.2°n 77.08°e,"['the latitude of sehore', ' 77.095184', ' 23.198437', ""23° 11' 54.3732'' n"", ""77° 5' 42.6624'' e""]",23.2 77.08
Purnia,25.78°n 87.47°e,,25.77895 87.47422
Damoh,23.84°n 79.45°e,"['the latitude of damoh', ' 79.441025', ' 23.839054', ""23° 50' 20.5944'' n"", ""79° 26' 27.6900'' e""]",21.88 80.78
Tamenglong,24.9906639°n 93.5009056°e,,24.9667 93.55
Sonepur,,"['the latitude of sonepur', "" is 83.895004. sonepur, odisha, india is located at india country in the towns place category with the gps coordinates of 20° 50' 52.8540'' n and 83° 53' 42.0144'' e."", "" of sonepur, odisha, india is 20.848015, and the longitude is 83.895004. sonepur, odisha, india is located at india country in the towns place category with the gps coordinates of 20° 50' 52.8540'' n and 83° 53' 42.0144'' e."", None, None]",20.83 83.92
Mirzapur,25.146°n 82.569°e,"['the latitude of mirzapur', ' 82.564430', ' 25.133699', ""25° 8' 1.3164'' n"", ""82° 33' 51.9480'' e""]",25.1499994 82.583331
Visakhapatnam,17.70417°n 83.29778°e,"['the latitude of visakhapatnam', "" is 83.218483. visakhapatnam, andhra pradesh, india is located at india country in the cities place category with the gps coordinates of 17° 41' 12.5340'' n and 83° 13' 6.5388'' e."", "" of visakhapatnam, andhra pradesh, india is 17.686815, and the longitude is 83.218483. visakhapatnam, andhra pradesh, india is located at india country in the cities place category with the gps coordinates of 17° 41' 12.5340'' n and 83° 13' 6.5388'' e."", None, None]",17.68009 83.20161
Papum Pare,27.15000°n 93.72000°e,,27.28879 93.59694
Aluva,10.1167°n 76.3500°e,,10.1167 76.35
Jamshedpur,22.783°n 86.200°e,"['jamshedpur', ' 86.203110', ' 22.805618', ""22° 48' 20.2248'' n"", ""86° 12' 11.1960'' e""]",22.8 86.18
Solan,30.905°n 77.097°e,"['coordinates of solan', ' 77.096733', None, ""30° 54' 16.1496'' n"", ""77° 5' 48.2388'' e""]",30.92 77.12
Badaun,28.05°n 79.12°e,,28.03811 79.12668
Raisen,23.33°n 77.8°e,"['coordinates of raisen', ' 77.784920', ' 23.326809', ""23° 19' 36.5124'' n"", ""77° 47' 5.7120'' e""]",23.33033 77.7811
Dantewada,18.9000°n 81.3500°e,,18.9 81.35
Tiruchirapalli,10.80500°n 78.68556°e,"['location maps - trichy (tiruchirappalli; tiruchi)', "" (degrees plus decimal minutes): 10° 48.3', 78° 41.116666666667'"", "" & longitude (degrees plus decimal minutes): 10° 48.3', 78° 41.116666666667'"", None, None]",10.8155 78.69651
Ahmednagar,19.08°n 74.73°e,"['the latitude of ahmednagar', ' 74.740677', ' of ahmednagar, maharashtra, india is 19.101053, and the longitude is 74.740677.', ""19° 6' 3.7908'' n"", ""74° 44' 26.4372'' e""]",19.09457 74.73843
Gandhi Nagar,,"['the latitude of gandhinagar', ' 72.647781', ' of gandhinagar, gujarat, india is 23.237560, and the longitude is 72.647781.', ""23° 14' 15.2160'' n"", ""72° 38' 52.0116'' e""]",19.958162834 73.804496782
Jalandhar,31.2569°n 75.4432°e,,31.32556 75.57917
Kolar,13.1333°n 78.1333°e,"['location maps - kolar gold fields', "" (degrees plus decimal minutes): 12° 57.7', 78° 16.233333333333'"", "" & longitude (degrees plus decimal minutes): 12° 57.7', 78° 16.233333333333'"", None, None]",13.13 78.13
Jamtara,23.9633°n 86.8014°e,,23.95 86.8
Bellary,15.100°n 76.917°e,"['the latitude of ballari', ' 76.921440', ' 15.139393', ""15° 8' 21.8148'' n"", ""76° 55' 17.1840'' e""]",15.14205 76.92398
Kangra,,"['the latitude of kangra', ' 76.269104', ' of kangra, himachal pradesh, india is 32.099804, and the longitude is 76.269104.', ""32° 5' 59.2944'' n"", ""76° 16' 8.7744'' e""]",
Tiruvarur,10.773°n 79.637°e,,10.77269 79.6368
Navsari,20.95°n 72.93°e,"['biotech herbals pvt. ltd is a small natural medicine producing company located at 439', ' 72.979164', None, ""20° 56' 42.3420'' n"", ""72° 58' 44.9904'' e""]",20.95 72.93
Puri,19.81056°n 85.83139°e,"['the latitude of puri', "" is 85.828629. puri, odisha, india is located at india country in the cities place category with the gps coordinates of 19° 49' 3.8748'' n and 85° 49' 43.0644'' e. puri, odisha, india elevation is 10 meters height, that is equal to 33 feet."", "" of puri, odisha, india is 19.817743, and the longitude is 85.828629. puri, odisha, india is located at india country in the cities place category with the gps coordinates of 19° 49' 3.8748'' n and 85° 49' 43.0644'' e. puri, odisha, india elevation is 10 meters height, that is equal to 33 feet."", None, None]",19.8 85.85
Yavatmal,20.24°n 78.06°e,"['the latitude of yavatmal', ' 78.120407', ' 20.388794', ""20° 23' 19.6584'' n"", ""78° 7' 13.4652'' e""]",20.7333 80.0833
Udhampur,32.93°n 75°e,"['the latitude of udhampur', "" is 75.132607. udhampur, jammu and kashmir, india is located at india country in the towns place category with the gps coordinates of 32° 54' 59.5224'' n and 75° 7' 57.3852'' e."", "" of udhampur, jammu and kashmir, india is 32.916534, and the longitude is 75.132607. udhampur, jammu and kashmir, india is located at india country in the towns place category with the gps coordinates of 32° 54' 59.5224'' n and 75° 7' 57.3852'' e."", None, None]",32.93 75.13
Gorkakhpur,29.443802°n 75.670266°e,"['the latitude of gorakhpur', ' 83.364944', ' 26.765844', ""26° 45' 57.0384'' n"", ""83° 21' 53.7984'' e""]",26.76628 83.36889
Dadra & nagar Haveli,,,
Rajkot,22.3000°n 70.7833°e,"['the latitude of rajkot', ' 70.800705', ' 22.308155', ""22° 18' 29.3580'' n"", ""70° 48' 2.5380'' e""]",22.29161 70.79322
Ongole,15.506°n 80.049°e,"['coordinates of ongole', ' 80.049919', ' 15.505723', ""15° 30' 20.6028'' n"", ""80° 2' 59.7084'' e""]",15.50357 80.04454
AHMEDB,,"['ahmedabad', ' 72.585022', ' 23.033863', ""23° 2' 1.9068'' n"", ""72° 35' 6.0792'' e""]",23.03 72.58
Bhavnagar,21.76°n 72.15°e,,21.77445 72.1525
Ichalkaranji,16.7°n 74.47°e,"['ichalkaranji', ' 74.456078', None, ""16° 42' 32.4072'' n"", ""74° 27' 21.8808'' e""]",16.69117 74.46054
Fatehpur,,"['the latitude of fatehpur', ' 80.809998', ' 25.920074', ""25° 55' 12.2664'' n"", ""80° 48' 35.9928'' e""]",25.93 80.8
Jajapur,20.85°n 86.33°e,"['location maps - sukinda mines', "" (degrees plus decimal minutes): 21° 2', 85° 46'"", "" & longitude (degrees plus decimal minutes): 21° 2', 85° 46'"", None, None]",26.92 75.82
Ratlam,23.334°n 75.037°e,"['the latitude of ratlam', ' 75.037636', ' 23.334169', ""23° 20' 3.0084'' n"", ""75° 2' 15.4896'' e""]",23.33033 75.04032
Gonda,,"['coordinates of gonda', ' 81.961990', ' 27.133875', ""27° 8' 1.9500'' n"", ""81° 57' 43.1640'' e""]",27.13 81.93
Dhamtari,20.71°n 81.55°e,"['the latitude of dhamtari', ' 81.550003', ' 20.709999', ""20° 42' 35.9964'' n"", ""81° 33' 0.0108'' e""]",20.70718 81.54874
Kargil,34.550°n 76.133°e,"['kargil', ' 76.132507', ' 34.556335', ""34° 33' 22.8060'' n"", ""76° 7' 57.0252'' e""]",34.55765 76.12622
Panaji,15.49889°n 73.82778°e,"['the latitude of panjim', "" is 73.827827. panjim, goa, india is located at india country in the cities place category with the gps coordinates of 15° 29' 48.3972'' n and 73° 49' 40.1772'' e."", "" of panjim, goa, india is 15.496777, and the longitude is 73.827827. panjim, goa, india is located at india country in the cities place category with the gps coordinates of 15° 29' 48.3972'' n and 73° 49' 40.1772'' e."", None, None]",15.48 73.83
Golaghat,26.52°n 93.97°e,"['the latitude of golaghat', ' 93.963188', ' 26.524075', ""26° 31' 26.6700'' n"", ""93° 57' 47.4768'' e""]",26.52 93.97
Reasi,33.08°n 74.83°e,"['reasi', ' 74.833313', ' 33.082806', ""33° 4' 58.1016'' n"", ""74° 49' 59.9268'' e""]",33.20741 74.8223
Haldwani,29.22°n 79.52°e,"['the latitude of haldwani', ' 79.512459', ' 29.219677', ""29° 13' 10.8372'' n"", ""79° 30' 44.8524'' e""]",29.22 79.52
Banswara,23.55°n 74.45°e,"['coordinates of banswara', ' 74.433830', None, ""23° 32' 48.3252'' n"", ""74° 26' 1.7880'' e""]",23.55 74.45
Tinsukia,27.500°n 95.367°e,,27.48905 95.35992
Balaghat,21.8°n 80.18°e,"['the latitude of balaghat', ' 80.183830', ' 21.812876', ""21° 48' 46.3536'' n"", ""80° 11' 1.7880'' e""]",21.7999968 80.1833326
Dausa,26.8932°n 76.3375°e,"['dausa is a small city in rajasthan', ' 76.334824', None, ""26° 53' 40.1208'' n"", ""76° 20' 5.3664'' e""]",26.88 76.33
Chamoli,30.42°n 79.33°e,,30.42 79.33
Pali,,"['the latitude of pali', ' 73.323685', ' of pali, rajasthan, india is 25.771315, and the longitude is 73.323685.', ""25° 46' 16.7340'' n"", ""73° 19' 25.2660'' e""]",25.77 73.33
Motihari,26.65000°n 84.91667°e,,
Ashoknagar,24.58000°n 77.73000°e,,24.57578 77.73123
Damanjodi,18.82°n 82.72°e,,
Shahjahanpur,27.88°n 79.91°e,"['shahjahanpur is a large city in the state of uttar pradesh', ' 79.912247', None, ""27° 53' 1.4748'' n"", ""79° 54' 44.0892'' e""]",27.88 79.92
Gurgaon,28.456°n 77.029°e,"['the latitude of gurgaon', ' 77.026344', ' 28.457523', ""28° 27' 27.0828'' n"", ""77° 1' 34.8384'' e""]",28.4601 77.02635
Rewa,,"['coordinates of rewa', ' 81.299110', None, ""24° 31' 50.6172'' n"", ""81° 17' 56.7960'' e""]",24.53256 81.29234
Dakshin Dinajpur,25.22°n 88.76°e,,25.22 88.76
Narsinghpur,22.95°n 79.2°e,"['the latitude of narsinghpur is 22.950001', "" is 79.199997. narsinghpur is located at india country in the colleges place category with the gps coordinates of 22° 57' 0.0036'' n and 79° 11' 59.9892'' e."", "" of narsinghpur is 22.950001, and the longitude is 79.199997. narsinghpur is located at india country in the colleges place category with the gps coordinates of 22° 57' 0.0036'' n and 79° 11' 59.9892'' e."", None, None]",22.916663 79.166666
Nainital,29.395°n 79.449°e,"['the latitude of nainital', ' 79.463570', ' 29.380304', ""29° 22' 49.0944'' n"", ""79° 27' 48.8520'' e""]",29.38 79.45
Banda,,,25.499998 80.499998
Daman,,"['the latitude of daman', ' 72.832802', ' of daman, daman and diu, india is 20.397373, and the longitude is 72.832802.', ""20° 23' 50.5428'' n"", ""72° 49' 58.0872'' e""]",20.41431 72.83236
Tarn Taran,,,31.45 74.9253
Dindigul,10.35°n 77.95°e,,10.36896 77.98036
Sundargarh,22.12°n 84.03°e,,22.11667 84.03333
South 24 Parganas,22.53°n 88.33°e,,
Jagdalpur,19.07°n 82.03°e,"['the latitude of jagdalpur', ' 82.029999', ' 19.070000', ""19° 4' 12.0000'' n"", ""82° 1' 47.9964'' e""]",19.07 82.03
Dewas,22.96°n 76.06°e,"['the latitude of dewas', ' 76.050797', ' 22.962267', ""22° 57' 44.1612'' n"", ""76° 3' 2.8692'' e""]",22.96585 76.05526
Kadapa,14.47°n 78.82°e,,14.47 78.82
Kandhamal,20.47°n 84.23°e,,20.3 84.0
Rudrapur,,,
Narayanpur,,,19.60426 81.08119
Aligarh,27.88°n 78.08°e,"['aligarh', ' 78.072281', None, ""27° 54' 1.3788'' n"", ""78° 4' 20.2116'' e""]",27.88 78.08
Lucknow,26.850°n 80.950°e,,26.83928 80.92313
Ratnagiri,16.99444°n 73.30000°e,"['coordinates of rallis india limited', ' 73.488594', ' 17.601742', ""17° 36' 6.2712'' n"", None]",16.98 73.3
Raipur,21.25°n 81.63°e,"['the latitude of raipur', ' 81.629997', ' 21.250000', ""21° 15' 0.0000'' n"", ""81° 37' 47.9892'' e""]",21.23333 81.63333
Jalgaon,20.997984°n 75.566711°e,"['jalgaon', ' 75.563942', None, ""21° 0' 15.0984'' n"", ""75° 33' 50.1912'' e""]",21.00292 75.56602
Kalka,30.83°n 76.93°e,"['the latitude of kalka', ' 76.930000', ' 30.830000', ""30° 49' 48.0000'' n"", ""76° 55' 48.0000'' e""]",30.83982 76.94065
Rayagada,19.17°n 83.42°e,,19.17 83.42
Dhubri,26.02°n 90°e,,26.27 90.47
Bathinda,30.23000°n 74.95194°e,"['the latitude of bathinda', "" is 74.945473. bathinda, punjab, india is located at india country in the cities place category with the gps coordinates of 30° 12' 39.5820'' n and 74° 56' 43.7028'' e."", "" of bathinda, punjab, india is 30.210995, and the longitude is 74.945473. bathinda, punjab, india is located at india country in the cities place category with the gps coordinates of 30° 12' 39.5820'' n and 74° 56' 43.7028'' e."", None, None]",30.20747 74.93893
Nalgonda,17.05°n 79.27°e,,17.05439 79.26707
Sirohi,24.885°n 72.8625°e,"['coordinates of sirohi', ' 72.858894', ' 24.882618', ""24° 52' 57.4248'' n"", ""72° 51' 32.0184'' e""]",24.885 72.8625
Jodhpur,26.28°n 73.02°e,"['the latitude of jodhpur', "" is 73.008957. jodhpur, rajasthan, india is located at india country in the cities place category with the gps coordinates of 26° 15' 49.9068'' n and 73° 0' 32.2452'' e."", "" of jodhpur, rajasthan, india is 26.263863, and the longitude is 73.008957. jodhpur, rajasthan, india is located at india country in the cities place category with the gps coordinates of 26° 15' 49.9068'' n and 73° 0' 32.2452'' e."", None, None]",26.26841 73.00594
Chikkaballapur,13.43°n 77.72°e,"['the latitude of chikkaballapura', ' 77.731476', ' of chikkaballapura, karnataka, india is 13.435455, and the longitude is 77.731476.', ""13° 26' 7.6380'' n"", ""77° 43' 53.3136'' e""]",13.55 77.87
Bagalkote,16.1817°n 75.6958°e,,16.18 75.7
Rajsamand,25.07°n 73.88°e,"['the latitude of rajsamand', ' 73.883301', ' 25.066700', ""25° 4' 0.1200'' n"", ""73° 52' 59.8836'' e""]",25.07 73.88
Ri-Bhoi,25.900°n 91.883°e,,26.0999996 91.8666632
Jhajjar,28.62°n 76.65°e,"['the latitude of jhajjar', "" is 76.656914. jhajjar, haryana, india is located at india country in the towns place category with the gps coordinates of 28° 36' 25.5996'' n and 76° 39' 24.8904'' e."", "" of jhajjar, haryana, india is 28.607111, and the longitude is 76.656914. jhajjar, haryana, india is located at india country in the towns place category with the gps coordinates of 28° 36' 25.5996'' n and 76° 39' 24.8904'' e."", None, None]",28.62 76.65
West Singhbhum,22.5667°n 85.8167°e,,22.57 85.82
Yadgir,16.77°n 77.13°e,"['the latitude of yadgir', ' 77.137756', ' 16.758604', ""16° 45' 30.9744'' n"", ""77° 8' 15.9216'' e""]",16.73 76.94
Mandla,22.6°n 80.38°e,"['the latitude of mandla', ' 80.371384', ' 22.597921', ""22° 35' 52.5156'' n"", ""80° 22' 16.9824'' e""]",22.6 80.38
Sikar,27.62°n 75.15°e,"['sikar', ' 75.125885', None, ""27° 36' 55.4616'' n"", ""75° 7' 33.1860'' e""]",27.62 75.15
Samba,,,32.5499978 75.1166662
Kanpur Nagar,26.46000°n 80.33000°e,"['the latitude of kanpur', "" is 80.331871. kanpur, uttar pradesh, india is located at india country in the cities place category with the gps coordinates of 26° 26' 59.7228'' n and 80° 19' 54.7356'' e."", "" of kanpur, uttar pradesh, india is 26.449923, and the longitude is 80.331871. kanpur, uttar pradesh, india is located at india country in the cities place category with the gps coordinates of 26° 26' 59.7228'' n and 80° 19' 54.7356'' e."", None, None]",26.46523 80.34975
Sangrur,30.25056°n 75.84417°e,,30.23 75.83
Karauli,26.5°n 77.02°e,,26.5 77.02
Thanjavur,10.78333°n 79.13611°e,"['the latitude of thanjavur', "" is 79.137825. thanjavur, tamil nadu, india is located at india country in the cities place category with the gps coordinates of 10° 47' 13.1964'' n and 79° 8' 16.1700'' e."", "" of thanjavur, tamil nadu, india is 10.786999, and the longitude is 79.137825. thanjavur, tamil nadu, india is located at india country in the cities place category with the gps coordinates of 10° 47' 13.1964'' n and 79° 8' 16.1700'' e."", None, None]",10.8 79.15
Sirsa,29.533°n 75.017°e,,29.53 75.02
LUNAWADA,,"['coordinates of lunawada', ' 73.616074', None, ""23° 7' 59.7252'' n"", ""73° 36' 57.8664'' e""]",23.1333 73.6167
Jalaun,26.15°n 79.35°e,"['jalaun', ' 79.355621', None, ""26° 8' 26.3184'' n"", ""79° 21' 20.2356'' e""]",26.15 79.35
Malout,30.190°n 74.499°e,"['the latitude of malout', ' 74.497864', ' 30.191515', ""30° 11' 29.4540'' n"", ""74° 29' 52.3104'' e""]",30.2167 74.4833
Kendrapara,20.50°n 86.42°e,,
Shimoga,13.933°n 75.567°e,"['the latitude of shimoga', ' 75.568100', ' 13.929930', ""13° 55' 47.7480'' n"", ""75° 34' 5.1600'' e""]",13.93157 75.56791
Thane,19.172431°n 72.957019°e,"['the latitude of thane', ' 72.978088', ' 19.218330', ""19° 13' 5.9880'' n"", ""72° 58' 41.1168'' e""]",19.33333 73.25
Sonitpur,26.63°n 92.8°e,,26.63333 92.8
Dindori,,"['the latitude of dindori', ' 81.076843', ' 22.941793', ""22° 56' 30.4548'' n"", ""81° 4' 36.6348'' e""]",22.8 81.1
Betul,,,21.90056 77.90229
Neemuch,24.476385°n 74.87°e,,24.47 75.43
Chatra,24.2045100°n 84.8770400°e,"['coordinates of chatra', ' 84.337532', ' 24.731630', ""24° 43' 53.8680'' n"", ""84° 20' 15.1152'' e""]",24.20376 84.87032
Junagadh,21.520°n 70.463°e,,21.52 70.47
Umaria,23.38°n 81.10°e,,23.52473 80.83716
Mahasamund,21.11°n 82.10°e,,21.1 82.1
Kurnool,15.83°n 78.05°e,"['the latitude of kurnool', ' 78.029366', ' 15.834536', ""15° 50' 4.3296'' n"", ""78° 1' 45.7176'' e""]",15.8333 78.05
Srikakulam,18.3°n 83.9°e,"['coordinates of srikakulam', ' 83.896782', None, ""18° 17' 49.1064'' n"", ""83° 53' 48.4152'' e""]",18.3667 84.1
Koderma,24.47°n 85.6°e,,24.47 85.6
Sivagangai,9.87°n 78.48°e,"['the latitude of sivaganga', "" is 78.483299. sivaganga, tamil nadu, india is located at india country in the towns place category with the gps coordinates of 9° 52' 0.1200'' n and 78° 28' 59.8764'' e."", "" of sivaganga, tamil nadu, india is 9.866700, and the longitude is 78.483299. sivaganga, tamil nadu, india is located at india country in the towns place category with the gps coordinates of 9° 52' 0.1200'' n and 78° 28' 59.8764'' e."", None, None]",9.84701 78.48358
Ramanathapuram,9.367°n 78.835°e,"['the latitude of ramanathapuram', "" is 76.991592. ramanathapuram, coimbatore, tamil nadu, india is located at india country in the districts place category with the gps coordinates of 10° 59' 50.8380'' n and 76° 59' 29.7312'' e."", "" of ramanathapuram, coimbatore, tamil nadu, india is 10.997455, and the longitude is 76.991592. ramanathapuram, coimbatore, tamil nadu, india is located at india country in the districts place category with the gps coordinates of 10° 59' 50.8380'' n and 76° 59' 29.7312'' e."", None, None]",9.38 78.83
Bokaro,,"['coordinates of bokaro steel city', ' 86.151115', None, ""23° 40' 9.4656'' n"", ""86° 9' 4.0140'' e""]",23.29 86.09
Burhanpur,21.3°n 76.23°e,"['the latitude of burhanpur', ' 76.230415', ' 21.307373', ""21° 18' 26.5428'' n"", ""76° 13' 49.4940'' e""]",21.3 76.23
Sindhudurg,16.043769°n 73.461416°e,,16.0421 73.4592
Jalpaiguri,26.52°n 88.73°e,"['the latitude of jalpaiguri', ' 88.719391', ' 26.540457', ""26° 32' 25.6452'' n"", ""88° 43' 9.8076'' e""]",26.7 89.0
Sangamner,19.57°n 74.22°e,,19.56784 74.21154
Veraval,20.91°n 70.37°e,,20.9 70.37
Khanna,,"['coordinates of khanna', ' 76.220222', None, ""30° 42' 10.3572'' n"", ""76° 13' 12.7992'' e""]",30.70547 76.22196
Pithoragarh,29.58°n 80.22°e,"['the latitude of pithoragarh', ' 80.218185', ' 29.582861', ""29° 34' 58.2996'' n"", ""80° 13' 5.4660'' e""]",29.58 80.22
Vizianagaram,18.12°n 83.42°e,"['coordinates of vizianagaram', ' 83.395554', None, ""18° 6' 23.9724'' n"", ""83° 23' 43.9944'' e""]",18.11692 83.41148
Surguja,23.117°n 83.200°e,,23.25 83.0
Dakshina Kannada,12.87°n 74.88°e,,13.0 75.4
Morvi,22.82°n 70.83°e,"['the latitude of morbi', ' 70.823616', ' 22.811989', ""22° 48' 43.1604'' n"", ""70° 49' 25.0176'' e""]",
Nadiad,22.69°n 72.86°e,"['the latitude of nadiad', ' 72.870003', ' 22.700001', ""22° 42' 0.0036'' n"", ""72° 52' 12.0108'' e""]",22.7 72.87
Dhanbad,23.7998°n 86.4305°e,"['the latitude of dhanbad', ' 86.427040', ' of dhanbad, jharkhand, india is 23.795399, and the longitude is 86.427040.', ""23° 47' 43.4364'' n"", ""86° 25' 37.3440'' e""]",23.8 86.45
Mathura,27.49250°n 77.67361°e,"['mathura', "" is 77.673676. mathura, uttar pradesh, india is located at india country in the cities place category with the gps coordinates of 27° 29' 32.6868'' n and 77° 40' 25.2336'' e."", "" of mathura, uttar pradesh, india is 27.492413, and the longitude is 77.673676. mathura, uttar pradesh, india is located at india country in the cities place category with the gps coordinates of 27° 29' 32.6868'' n and 77° 40' 25.2336'' e."", None, None]",27.28 77.41
nan,,,20.12345 84.36906
Jaisalmer,26.913°n 70.915°e,"['the latitude of jaisalmer', ' 70.922928', ' 26.911661', ""26° 54' 41.9796'' n"", ""70° 55' 22.5408'' e""]",26.91763 70.90387
Etah,27.63°n 78.67°e,"['the latitude of etah', "" is 78.662567. etah, uttar pradesh, india is located at india country in the cities place category with the gps coordinates of 27° 33' 31.5000'' n and 78° 39' 45.2412'' e."", "" of etah, uttar pradesh, india is 27.558750, and the longitude is 78.662567. etah, uttar pradesh, india is located at india country in the cities place category with the gps coordinates of 27° 33' 31.5000'' n and 78° 39' 45.2412'' e."", None, None]",27.63 78.67
UDWADA,,,20.4875 72.8707
Jamui,24.92°n 86.22°e,"['the latitude of jamui', "" is 86.220001. jamui, bihar, india is located at india country in the cities place category with the gps coordinates of 24° 55' 12.0000'' n and 86° 13' 12.0036'' e."", "" of jamui, bihar, india is 24.920000, and the longitude is 86.220001. jamui, bihar, india is located at india country in the cities place category with the gps coordinates of 24° 55' 12.0000'' n and 86° 13' 12.0036'' e."", None, None]",24.92 86.22
Sambalpur,21.47°n 83.97°e,"['coordinates of sambalpur', ' 83.975403', ' 21.468185', ""21° 28' 5.4660'' n"", ""83° 58' 31.4508'' e""]",21.46527 83.97573
Hajipur,25.68°n 85.22°e,,25.68 85.22
Mandsaur,24.03°n 75.08°e,"['mandsaur', ' 75.069298', None, ""24° 4' 36.6096'' n"", ""75° 4' 9.4728'' e""]",24.07184 75.06986
Dumka,24.27°n 87.25°e,,24.27 87.25
Bagpat,28.95°n 77.22°e,,28.94 77.22
VIRPUR,,"['the latitude of virpur', "" is 71.079491. virpur, gujarat, india is located at india country in the villages place category with the gps coordinates of 22° 12' 18.1584'' n and 71° 4' 46.1676'' e."", "" of virpur, gujarat, india is 22.205044, and the longitude is 71.079491. virpur, gujarat, india is located at india country in the villages place category with the gps coordinates of 22° 12' 18.1584'' n and 71° 4' 46.1676'' e."", None, None]",23.1892 73.47987
Bharatpur,,"['the latitude of bharatpur', ' 77.489517', ' of bharatpur, rajasthan, india is 27.216982, and the longitude is 77.489517.', ""27° 13' 1.1352'' n"", ""77° 29' 22.2612'' e""]",27.22 77.48
Wayanad,11.633090°n 76.089638°e,,11.605 76.083
Jagadalpur,19.07°n 82.03°e,"['the latitude of jagdalpur', ' 82.029999', ' 19.070000', ""19° 4' 12.0000'' n"", ""82° 1' 47.9964'' e""]",19.07 82.03
Uttar Dinajpur,25.62°n 88.12°e,,25.58564 88.112221
Khandwa,21.82°n 76.35°e,"['khandwa', ' 76.352570', None, ""21° 49' 32.6388'' n"", ""76° 21' 9.2520'' e""]",21.83 76.33
Hosur,12.735°n 77.829°e,"['hosur', ' 77.829338', None, ""12° 44' 6.4536'' n"", ""77° 49' 45.6168'' e""]",12.874171 77.650409
DHANGARDHA,,,
Bundi,25.44°n 75.64°e,"['the latitude of bundi', ' 75.649902', ' 25.430513', ""25° 25' 49.8468'' n"", ""75° 38' 59.6472'' e""]",25.44 75.64
Saran,,,25.916663 84.749997
Janjgir-Champa,22.01694°n 82.56694°e,,21.9 82.7
Bhilwara,25.35°n 74.63°e,,25.35 74.63
Jaipur,26.9°n 75.8°e,"['the latitude of jaipur', "" is 75.778885. jaipur, rajasthan, india is located at india country in the cities place category with the gps coordinates of 26° 55' 19.4520'' n and 75° 46' 43.9860'' e."", "" of jaipur, rajasthan, india is 26.922070, and the longitude is 75.778885. jaipur, rajasthan, india is located at india country in the cities place category with the gps coordinates of 26° 55' 19.4520'' n and 75° 46' 43.9860'' e."", None, None]",26.92 75.82
Gorakhpur,26.7588°n 83.3697°e,"['the latitude of gorakhpur', ' 83.364944', ' 26.765844', ""26° 45' 57.0384'' n"", ""83° 21' 53.7984'' e""]",26.76628 83.36889
Pudukkottai,10.38°n 78.82°e,"['the latitude of pudukkottai', ' 78.820847', ' 10.379663', ""10° 22' 46.7868'' n"", ""78° 49' 15.0492'' e""]",10.38128 78.82141
Varanasi,25.28°n 82.96°e,,25.31668 83.01041
Rajgarh,,"['the latitude of rajgarh', ' 75.380630', ' 28.664082', ""28° 39' 50.6952'' n"", ""75° 22' 50.2680'' e""]",26.3 74.62
Amreli,21.60°n 71.22°e,"['the latitude of amreli', ' 71.222084', ' 21.603176', ""21° 36' 11.4336'' n"", ""71° 13' 19.5024'' e""]",21.59983 71.21169
Morena,26.5°n 78.0°e,"['morena', ' 78.000000', None, ""26° 30' 0.0000'' n"", ""78° 0' 0.0000'' e""]",26.49892 77.99534
Idukki,9.85°n 76.94°e,"['munnar', ' 77.059723', None, ""10° 5' 21.0012'' n"", ""77° 3' 35.0028'' e""]",9.85 76.96667
Vapi,20.372°n 72.917°e,,20.37175 72.90493
Lohardaga,23.43°n 84.68°e,"['the latitude of lohardaga', ' 84.680000', ' 23.430000', ""23° 25' 48.0000'' n"", ""84° 40' 48.0000'' e""]",23.43 84.68
Mohali,30.78°n 76.69°e,"['the latitude of sahibzada ajit singh nagar', ' 76.717873', ' of sahibzada ajit singh nagar, punjab, india is 30.704649, and the longitude is 76.717873.', ""30° 42' 16.7364'' n"", ""76° 43' 4.3428'' e""]",30.67995 76.72211
Raichur,16.2°n 77.37°e,"['the latitude of raichur', ' 77.362289', ' 16.200829', ""16° 12' 2.9844'' n"", ""77° 21' 44.2404'' e""]",16.2 77.37
Chandigarh,30.75°n 76.78°e,"['chandigarh', "" is 76.768066. chandigarh, india is located at india country in the cities place category with the gps coordinates of 30° 44' 29.3352'' n and 76° 46' 5.0376'' e."", "" of chandigarh, india is 30.741482, and the longitude is 76.768066. chandigarh, india is located at india country in the cities place category with the gps coordinates of 30° 44' 29.3352'' n and 76° 46' 5.0376'' e."", None, None]",30.74 76.79
Una,,,31.48 76.28
Kurukshetra,29.965717°n 76.837006°e,"['kurukshetra is a large historic city and a district in haryana', ' 76.878281', None, ""29° 58' 10.2468'' n"", ""76° 52' 41.8116'' e""]",30.0 76.75
Pollachi,10.659°n 77.008°e,"['pollachi', ' 77.010666', None, ""10° 39' 26.1864'' n"", ""77° 0' 38.3976'' e""]",10.67 77.02
Travancore,8.433°n 76.917°e,,14.7999968 74.1166662
Udalguri,26.7452°n 92.0962°e,,26.75367 92.10215
Mandi,,,31.55 77.016667
Theni,10.009°n 77.47°e,,10.01531 77.482
Kushinagar,26.741°n 83.888°e,"['the latitude of kushinagar', "" is 83.886971. kushinagar, uttar pradesh, india is located at india country in the towns place category with the gps coordinates of 26° 44' 23.5680'' n and 83° 53' 13.0956'' e."", "" of kushinagar, uttar pradesh, india is 26.739880, and the longitude is 83.886971. kushinagar, uttar pradesh, india is located at india country in the towns place category with the gps coordinates of 26° 44' 23.5680'' n and 83° 53' 13.0956'' e."", None, None]",26.9025 83.98194
Bilaspur,,"['the latitude of bilaspur', ' 82.152328', ' of bilaspur, chhattisgarh, india is 22.078642, and the longitude is 82.152328.', ""22° 4' 43.1112'' n"", ""82° 9' 8.3808'' e""]",31.33027 76.75663
Bijapur,16.83°n 75.71°e,"['the latitude of bijapur', ' 75.725327', ' of bijapur, karnataka, india is 16.827545, and the longitude is 75.725327.', ""16° 49' 39.1620'' n"", ""75° 43' 31.1772'' e""]",16.83 75.7
East Singhbhum,22.8000°n 86.1834°e,"['location maps - mosaboni mine', "" (degrees plus decimal minutes): 22° 31', 86° 27'"", "" & longitude (degrees plus decimal minutes): 22° 31', 86° 27'"", None, None]",22.80278 86.18545
sri ganganagar,,,29.92 73.88
Imphal East,24.800°n 93.950°e,,24.777273 94.06322
Doda,33.13°n 75.57°e,,33.14916 75.54746
Nellore,14.45°n 79.99°e,"['the latitude of nellore', ' 79.986458', ' 14.442599', ""14° 26' 33.3564'' n"", ""79° 59' 11.2488'' e""]",14.45363 79.98674
Bankura,23.25°n 87.07°e,"['the latitude of bankura', ' 87.087250', ' 23.233774', ""23° 14' 1.5864'' n"", ""87° 5' 14.1000'' e""]",23.25 87.07
Seoni,22.08°n 79.53°e,"['the latitude of seoni', ' 79.543488', ' 22.086868', ""22° 5' 12.7248'' n"", ""79° 32' 36.5568'' e""]",22.08503 79.55037
Rae Bareli,26.23384°n 81.233597°e,"['the latitude of raebareli', ' 81.240891', ' 26.230299', ""26° 13' 49.0764'' n"", ""81° 14' 27.2076'' e""]",26.2309 81.23315
Barabanki,,"['coordinates of barabanki', ' 81.188324', None, ""26° 56' 16.2024'' n"", ""81° 11' 17.9664'' e""]",26.92 81.2
Dungarpur,23.84°n 73.72°e,,21.28777 71.7556
Godda,24.83°n 87.22°e,,24.83 87.22
VIJAPUR,,,23.57 72.75
Basti,,,27.249999 83.0
Dhar,22.598°n 75.304°e,"['the latitude of dhar', ' 75.302467', ' of dhar, madhya pradesh, india is 22.601292, and the longitude is 75.302467.', ""22° 36' 4.6512'' n"", ""75° 18' 8.8812'' e""]",22.6 75.3
Nagaur,27.2°n 73.73°e,"['coordinates of nagaur', ' 73.742294', None, ""27° 12' 25.2216'' n"", ""73° 44' 32.2584'' e""]",27.1 73.55
Ropar,30.9664°n 76.5331°e,"['the latitude of rupnagar', ' 76.527328', ' 30.975254', ""30° 58' 30.9144'' n"", ""76° 31' 38.3808'' e""]",30.96896 76.52695
Viluppuram,11.941°n 79.493°e,"['the latitude of villupuram', ' 79.497414', ' 11.945960', ""11° 56' 45.4560'' n"", ""79° 29' 50.6904'' e""]",11.93975 79.49244
Purulia,23.34°n 86.36°e,"['the latitude of purulia', "" is 86.362839. purulia, west bengal, india is located at india country in the cities place category with the gps coordinates of 23° 20' 32.1252'' n and 86° 21' 46.2204'' e."", "" of purulia, west bengal, india is 23.342257, and the longitude is 86.362839. purulia, west bengal, india is located at india country in the cities place category with the gps coordinates of 23° 20' 32.1252'' n and 86° 21' 46.2204'' e."", None, None]",23.33 86.37
Mainpuri,27.23°n 79.02°e,,27.22857 79.02882
Kheda,22.75°n 72.68°e,"['the latitude of kheda', ' 72.684669', ' 22.750650', ""22° 45' 2.3400'' n"", ""72° 41' 4.8084'' e""]",22.75218 72.68533
Wardha,20.74167°n 78.60556°e,,20.73933 78.59784
Azamgarh,26.068°n 83.184°e,"['the latitude of azamgarh', ' 83.185654', ' 26.072067', ""26° 4' 19.4412'' n"", ""83° 11' 8.3544'' e""]",26.06 83.19
Dharwad,15.45833°n 75.00833°e,"['the latitude of dharwad', ' 75.010284', ' of dharwad, karnataka, india is 15.460252, and the longitude is 75.010284.', ""15° 27' 36.9072'' n"", ""75° 0' 37.0224'' e""]",15.34776 75.13378
Parbhani,19.25917°n 76.78306°e,"['coordinates of parbhani', ' 76.773743', ' 19.257790', ""19° 15' 28.0440'' n"", ""76° 46' 25.4748'' e""]",19.27 76.78
Tirur,10.9°n 75.92°e,"['coordinates of tirur', ' 75.922096', ' 10.914627', ""10° 54' 52.6572'' n"", ""75° 55' 19.5456'' e""]",10.918027 75.925022
Hazaribagh,23.98°n 85.35°e,,24.024333236 85.454331516
Munger,25.381°n 86.465°e,,25.3833318 86.4666648
Noida,28.57°n 77.32°e,"['coordinates of noida', ' 77.391029', ' 28.535517', ""28° 32' 7.8612'' n"", ""77° 23' 27.7044'' e""]",28.58 77.33
Kadi,,,23.30088 72.33218
Pauri Garhwal,,,30.15286 78.7771
Kishtwar,33.32°n 75.77°e,,33.32 75.77
Bettiah,26.80139°n 84.50278°e,"['bettiah is a small city located in the north of bihar state', ' 84.500000', None, ""26° 47' 59.9964'' n"", ""84° 30' 0.0000'' e""]",26.8 84.5
Katihar,25.53°n 87.58°e,"['the latitude of katihar', ' 87.583748', ' 25.533508', ""25° 32' 0.6288'' n"", ""87° 35' 1.4928'' e""]",25.53 87.58
Siliguri,26.71°n 88.43°e,,26.71004 88.42851
Gurdaspur,32.0333°n 75.40°e,"['the latitude of gurdaspur', "" is 75.405334. gurdaspur, punjab, india is located at india country in the cities place category with the gps coordinates of 32° 2' 30.9948'' n and 75° 24' 19.2024'' e."", "" of gurdaspur, punjab, india is 32.041943, and the longitude is 75.405334. gurdaspur, punjab, india is located at india country in the cities place category with the gps coordinates of 32° 2' 30.9948'' n and 75° 24' 19.2024'' e."", None, None]",31.92 75.27
Mau,25.94167°n 83.56111°e,,25.94167 83.56111
Koraput,18.8561°n 82.7347°e,,18.82 82.72
Imphal West,24.817°n 93.900°e,"['the latitude of imphal west', "" is 93.885895. imphal west, manipur, india is located at india country in the towns place category with the gps coordinates of 24° 46' 58.0224'' n and 93° 53' 9.2220'' e."", "" of imphal west, manipur, india is 24.782784, and the longitude is 93.885895. imphal west, manipur, india is located at india country in the towns place category with the gps coordinates of 24° 46' 58.0224'' n and 93° 53' 9.2220'' e."", None, None]",24.6816 93.1544
Mahabub Nagar,,,16.73 77.98
VALLABH VIDYANAGAR,,"['the latitude of anand', ' 72.950996', ' 22.556000', ""22° 33' 21.6000'' n"", ""72° 57' 3.5856'' e""]",22.53333 72.9
Bhiwadi,28.21°n 76.87°e,,28.21024 76.86056
Sant Kabir Nagar,26.78000°n 83.06000°e,,26.78 83.06
Ujjain,23.17°n 75.79°e,"['the latitude of ujjain', ' 75.784912', ' 23.179300', ""23° 10' 45.4800'' n"", ""75° 47' 5.6832'' e""]",23.18239 75.77643
Jyotiba Phule Nagar,28.90000°n 78.47000°e,,28.7716 78.33871
Kannur,11.8689°n 75.3555°e,"['the latitude of kannur', ' 75.370369', ' of kannur, kerala, india is 11.874477, and the longitude is 75.370369.', ""11° 52' 28.1172'' n"", ""75° 22' 13.3284'' e""]",11.8689 75.3555
Haridwar,29.945°n 78.163°e,"['coordinates of haridwar', ' 78.164246', None, ""29° 56' 44.4840'' n"", ""78° 9' 51.2856'' e""]",29.94791 78.16025
Jharkhand,23.35°n 85.33°e,"['the latitude of ranchi', "" is 85.309563. ranchi, jharkhand, india is located at india country in the cities place category with the gps coordinates of 23° 20' 38.7636'' n and 85° 18' 34.4268'' e."", "" of ranchi, jharkhand, india is 23.344101, and the longitude is 85.309563. ranchi, jharkhand, india is located at india country in the cities place category with the gps coordinates of 23° 20' 38.7636'' n and 85° 18' 34.4268'' e."", None, None]",23.35 85.33
Panchmahal,22.750°n 73.600°e,,22.606 73.463
DHORAJI,,,21.73359 70.45004
Mandya,12.52°n 76.9°e,"['the latitude of mandya', ' 76.894684', ' 12.523731', ""12° 31' 25.4316'' n"", ""76° 53' 40.8624'' e""]",12.5223 76.89746
